Ref,Paper,Year,Venue,DOI,DOI_URL,DOI_Verified,Citations_Crossref,Citations_OpenAlex,Citations_SemanticScholar,Citation_Check_Date,Selected,Reason_if_rejected
F1,"A Dataset of Scalp EEG Recordings of Alzheimer’s Disease, Frontotemporal Dementia and Healthy Subjects from Routine EEG",2023,Data,10.3390/data8060095,https://doi.org/10.3390/data8060095,Yes (Crossref),263,259,281,2026-08-17,SELECTED,
F10,A novel multi-modal machine learning based approach for automatic classification of EEG recordings in dementia,2020,Neural Networks,10.1016/j.neunet.2019.12.006,https://doi.org/10.1016/j.neunet.2019.12.006,Yes (Crossref),305,333,287,2026-08-17,SELECTED,
F11,Phase lag index: Assessment of functional connectivity from multi channel EEG and MEG with diminished bias from common sources,2007,Human Brain Mapping,10.1002/hbm.20346,https://doi.org/10.1002/hbm.20346,Yes (Crossref),1896,2088,2015,2026-08-17,SELECTED,
F12,Small-World Networks and Functional Connectivity in Alzheimer's Disease,2006,Cerebral Cortex,10.1093/cercor/bhj127,https://doi.org/10.1093/cercor/bhj127,Yes (Crossref),1083,1292,1297,2026-08-17,SELECTED,
F13,Semi-Supervised Classification with Graph Convolutional Networks,2016,arXiv (Cornell University),10.48550/arxiv.1609.02907,https://doi.org/10.48550/arxiv.1609.02907,Yes (DataCite),,8058,,2026-08-17,SELECTED,
F14,EEGNet: a compact convolutional neural network for EEG-based brain–computer interfaces,2018,Journal of Neural Engineering,10.1088/1741-2552/aace8c,https://doi.org/10.1088/1741-2552/aace8c,Yes (Crossref),4585,4537,4638,2026-08-17,SELECTED,
F2,DICE-Net: A Novel Convolution-Transformer Architecture for Alzheimer Detection in EEG Signals,2023,IEEE Access,10.1109/access.2023.3294618,https://doi.org/10.1109/access.2023.3294618,Yes (Crossref),177,187,172,2026-08-17,SELECTED,
F3,EEG-Based Graph Neural Network Classification of Alzheimer’s Disease: An Empirical Evaluation of Functional Connectivity Methods,2022,IEEE Transactions on Neural Systems and Rehabilitation Engineering,10.1109/tnsre.2022.3204913,https://doi.org/10.1109/tnsre.2022.3204913,Yes (Crossref),132,126,123,2026-08-17,SELECTED,
F4,Adaptive Gated Graph Convolutional Network for Explainable Diagnosis of Alzheimer’s Disease Using EEG Data,2023,IEEE Transactions on Neural Systems and Rehabilitation Engineering,10.1109/tnsre.2023.3321634,https://doi.org/10.1109/tnsre.2023.3321634,Yes (Crossref),46,46,54,2026-08-17,SELECTED,
F5,Graph Neural Network-Based EEG Classification: A Survey,2024,IEEE Transactions on Neural Systems and Rehabilitation Engineering,10.1109/tnsre.2024.3355750,https://doi.org/10.1109/tnsre.2024.3355750,Yes (Crossref),125,116,101,2026-08-17,SELECTED,
F6,<scp>Spatial–temporal</scp> graph convolutional network for Alzheimer classification based on brain functional connectivity imaging of electroencephalogram,2022,Human Brain Mapping,10.1002/hbm.25994,https://doi.org/10.1002/hbm.25994,Yes (Crossref),70,74,69,2026-08-17,SELECTED,
F7,An interpretable model based on graph learning for diagnosis of Parkinson’s disease with voice-related EEG,2024,npj Digital Medicine,10.1038/s41746-023-00983-9,https://doi.org/10.1038/s41746-023-00983-9,Yes (Crossref),50,48,49,2026-08-17,SELECTED,
F8,Leakage and the reproducibility crisis in machine-learning-based science,2023,Patterns,10.1016/j.patter.2023.100804,https://doi.org/10.1016/j.patter.2023.100804,Yes (Crossref),812,840,860,2026-08-17,SELECTED,
F9,Functional neural network analysis in frontotemporal dementia and Alzheimer's disease using EEG and graph theory,2009,BMC Neuroscience,10.1186/1471-2202-10-101,https://doi.org/10.1186/1471-2202-10-101,Yes (Crossref),333,408,406,2026-08-17,SELECTED,
R1,"The AHEPA EEG benchmark: setting the standard for machine learning in dementia diagnosis, a scoping review",2026,Cognitive Neurodynamics,10.1007/s11571-026-10464-w,https://doi.org/10.1007/s11571-026-10464-w,Yes (Crossref),0,0,1,2026-08-17,SELECTED,
R10,Connectogram-COH: A Coherence-Based Time-Graph Representation for EEG-Based Alzheimer’s Disease Detection,2025,Diagnostics,10.3390/diagnostics15111441,https://doi.org/10.3390/diagnostics15111441,Yes (Crossref),5,6,6,2026-08-17,SELECTED,
R11,Graph Spectral Analysis Using Electroencephalography in Alzheimer Disease and Frontotemporal Dementia Patients,2025,International Journal of Neural Systems,10.1142/s0129065725500480,https://doi.org/10.1142/s0129065725500480,Yes (Crossref),5,5,0,2026-08-17,SELECTED,
R12,Multi-frequency EEG and multi-functional connectivity graph convolutional network based detection method of patients with Alzheimer’s disease,2025,Complex & Intelligent Systems,10.1007/s40747-025-01974-x,https://doi.org/10.1007/s40747-025-01974-x,Yes (Crossref),8,6,8,2026-08-17,SELECTED,
R13,Identification of Alzheimer’s disease brain networks based on EEG phase synchronization,2025,BioMedical Engineering OnLine,10.1186/s12938-025-01361-0,https://doi.org/10.1186/s12938-025-01361-0,Yes (Crossref),16,14,17,2026-08-17,SELECTED,
R14,Classification for Alzheimer's disease and frontotemporal dementia via resting-state electroencephalography-based coherence and convolutional neural network,2025,Cognitive Neurodynamics,10.1007/s11571-025-10232-2,https://doi.org/10.1007/s11571-025-10232-2,Yes (Crossref),19,19,15,2026-08-17,SELECTED,
R15,Evaluating EEG complexity and spectral signatures in Alzheimer’s disease and frontotemporal dementia: evidence for rostrocaudal asymmetry,2025,npj Aging,10.1038/s41514-025-00243-y,https://doi.org/10.1038/s41514-025-00243-y,Yes (Crossref),18,14,19,2026-08-17,SELECTED,
R16,Muti-band Morlet mutual information functional connectivity for classifying Alzheimer's disease and frontotemporal dementia with a deep learning technique,2025,Computers in Biology and Medicine,10.1016/j.compbiomed.2025.111041,https://doi.org/10.1016/j.compbiomed.2025.111041,Yes (Crossref),2,2,2,2026-08-17,SELECTED,
R2,Deep Learning-Based Alzheimer’s Disease Detection from Multi-Channel EEG Using Fused Time–Frequency Image Grids,2026,Diagnostics,10.3390/diagnostics16050746,https://doi.org/10.3390/diagnostics16050746,Yes (Crossref),1,1,1,2026-08-17,SELECTED,
R3,Quantitative EEG signatures of power and functional connectivity alterations in Alzheimer’s disease and frontotemporal dementia,2026,Scientific Reports,10.1038/s41598-026-42452-9,https://doi.org/10.1038/s41598-026-42452-9,Yes (Crossref),0,0,1,2026-08-17,SELECTED,
R4,Explainable EEG-based machine learning for early diagnosis of Alzheimer’s disease and frontotemporal dementia,2026,Scientific Reports,10.1038/s41598-026-57069-1,https://doi.org/10.1038/s41598-026-57069-1,Yes (Crossref),0,0,0,2026-08-17,SELECTED,
R5,Alzheimer’s Disease Detection Using Combined EEG Source Connectivity and Microstate Features,2026,Brain Sciences,10.3390/brainsci16080856,https://doi.org/10.3390/brainsci16080856,Yes (Crossref),0,0,0,2026-08-17,SELECTED,
R6,RGB-Style Input Representations for EEG: Evaluating Spatial Concatenation Versus Band-Wise Stacking in Deep Emotion Recognition,2026,Brain Sciences,10.3390/brainsci16070716,https://doi.org/10.3390/brainsci16070716,Yes (Crossref),0,0,0,2026-08-17,SELECTED,
R7,Comparison of preprocessing techniques for effective cognitive analysis using electroencephalography (EEG),2026,MethodsX,10.1016/j.mex.2026.103821,https://doi.org/10.1016/j.mex.2026.103821,Yes (Crossref),0,0,0,2026-08-17,SELECTED,
R8,Translational approach for dementia subtype classification using convolutional neural network based on EEG connectome dynamics,2025,Scientific Reports,10.1038/s41598-025-02018-7,https://doi.org/10.1038/s41598-025-02018-7,Yes (Crossref),9,9,9,2026-08-17,SELECTED,
R9,A multi-graph convolutional network method for Alzheimer’s disease diagnosis based on multi-frequency EEG data with dual-mode connectivity,2025,Frontiers in Neuroscience,10.3389/fnins.2025.1555657,https://doi.org/10.3389/fnins.2025.1555657,Yes (Crossref),3,4,5,2026-08-17,SELECTED,
,EEG-Based Parkinson's Disease Recognition via Attention-Based Sparse Graph Convolutional Neural Network,2023,IEEE Journal of Biomedical and Health Informatics,10.1109/jbhi.2023.3292452,https://doi.org/10.1109/jbhi.2023.3292452,Yes (Crossref),78,78,66,2026-08-17,REJECTED,Parkinson GNN - disease not selected as primary
,EEG-Based Seizure detection using linear graph convolution network with focal loss,2021,Computer Methods and Programs in Biomedicine,10.1016/j.cmpb.2021.106277,https://doi.org/10.1016/j.cmpb.2021.106277,Yes (Crossref),97,103,87,2026-08-17,REJECTED,Epilepsy - disease not selected
,Self-Supervised Graph Neural Networks for Improved Electroencephalographic Seizure Analysis,2021,arXiv (Cornell University),10.48550/arxiv.2104.08336,https://doi.org/10.48550/arxiv.2104.08336,Yes (DataCite),,61,,2026-08-17,REJECTED,Epilepsy/seizure GNN - disease not selected
,Graph Neural Network Classification in EEG-Based Biometric Identification: Evaluation of Functional Connectivity Methods Using Time-Frequency Metric,2025,IEEE Access,10.1109/access.2025.3590304,https://doi.org/10.1109/access.2025.3590304,Yes (Crossref),6,5,5,2026-08-17,REJECTED,"GNN for biometrics, not disease"
,Inductive Representation Learning on Large Graphs,2017,arXiv (Cornell University),10.48550/arxiv.1706.02216,https://doi.org/10.48550/arxiv.1706.02216,Yes (DataCite),,4538,,2026-08-17,REJECTED,Foundational GNN (GraphSAGE) - architecture background
,A Comprehensive Survey on Graph Neural Networks,2021,IEEE Transactions on Neural Networks and Learning Systems,10.1109/tnnls.2020.2978386,https://doi.org/10.1109/tnnls.2020.2978386,Yes (Crossref),9570,9723,11759,2026-08-17,REJECTED,"General GNN survey - background, not EEG-specific"
,Deep learning for electroencephalogram (EEG) classification tasks: a review,2019,Journal of Neural Engineering,10.1088/1741-2552/ab0ab5,https://doi.org/10.1088/1741-2552/ab0ab5,Yes (Crossref),1591,1727,1614,2026-08-17,REJECTED,General EEG DL review - background
,Deep learning-based electroencephalography analysis: a systematic review,2019,Journal of Neural Engineering,10.1088/1741-2552/ab260c,https://doi.org/10.1088/1741-2552/ab260c,Yes (Crossref),1331,76,1400,2026-08-17,REJECTED,General EEG DL review - background
,Deep learning with convolutional neural networks for EEG decoding and visualization,2017,Human Brain Mapping,10.1002/hbm.23730,https://doi.org/10.1002/hbm.23730,Yes (Crossref),3432,3648,3485,2026-08-17,REJECTED,BCI decoding - background method
,A Dementia Classification Framework Using Frequency and Time-Frequency Features Based on EEG Signals,2019,IEEE Transactions on Neural Systems and Rehabilitation Engineering,10.1109/tnsre.2019.2909100,https://doi.org/10.1109/tnsre.2019.2909100,Yes (Crossref),131,147,107,2026-08-17,REJECTED,Private dataset; not reproducible
,Combining EEG signal processing with supervised methods for Alzheimer’s patients classification,2018,BMC Medical Informatics and Decision Making,10.1186/s12911-018-0613-y,https://doi.org/10.1186/s12911-018-0613-y,Yes (Crossref),148,171,159,2026-08-17,REJECTED,Superseded; private dataset
,Automated Multiclass Classification of Spontaneous EEG Activity in Alzheimer’s Disease and Mild Cognitive Impairment,2018,Entropy,10.3390/e20010035,https://doi.org/10.3390/e20010035,Yes (Crossref),128,157,130,2026-08-17,REJECTED,Superseded by 2025-26 work
,Graph theoretical analysis of magnetoencephalographic functional connectivity in Alzheimer's disease,2008,Brain,10.1093/brain/awn262,https://doi.org/10.1093/brain/awn262,Yes (Crossref),793,933,889,2026-08-17,REJECTED,"MEG graph analysis - supporting, superseded by F12 for EEG"
,"An improved index of phase-synchronization for electrophysiological data in the presence of volume-conduction, noise and sample-size bias",2011,NeuroImage,10.1016/j.neuroimage.2011.01.055,https://doi.org/10.1016/j.neuroimage.2011.01.055,Yes (Crossref),1672,1814,917,2026-08-17,REJECTED,Connectivity metric (wPLI) - supporting method
,Connectivity Analysis in EEG Data: A Tutorial Review of the State of the Art and Emerging Trends,2023,Bioengineering,10.3390/bioengineering10030372,https://doi.org/10.3390/bioengineering10030372,Yes (Crossref),194,183,167,2026-08-17,REJECTED,Connectivity tutorial review - supporting method
,The PREP pipeline: standardized preprocessing for large-scale EEG analysis,2015,Frontiers in Neuroinformatics,10.3389/fninf.2015.00016,https://doi.org/10.3389/fninf.2015.00016,Yes (Crossref),1172,1441,1248,2026-08-17,REJECTED,PREP pipeline - supporting method
,"ICLabel: An automated electroencephalographic independent component classifier, dataset, and website",2019,NeuroImage,10.1016/j.neuroimage.2019.05.026,https://doi.org/10.1016/j.neuroimage.2019.05.026,Yes (Crossref),2343,2416,1994,2026-08-17,REJECTED,ICLabel - supporting method
,Autoreject: Automated artifact rejection for MEG and EEG data,2017,NeuroImage,10.1016/j.neuroimage.2017.06.030,https://doi.org/10.1016/j.neuroimage.2017.06.030,Yes (Crossref),632,660,539,2026-08-17,REJECTED,autoreject - supporting method
,EEGLAB: an open source toolbox for analysis of single-trial EEG dynamics including independent component analysis,2004,Journal of Neuroscience Methods,10.1016/j.jneumeth.2003.10.009,https://doi.org/10.1016/j.jneumeth.2003.10.009,Yes (Crossref),23070,25440,23487,2026-08-17,REJECTED,EEGLAB - supporting tool
,MNE software for processing MEG and EEG data,2014,NeuroImage,10.1016/j.neuroimage.2013.10.027,https://doi.org/10.1016/j.neuroimage.2013.10.027,Yes (Crossref),1979,2193,1947,2026-08-17,REJECTED,MNE - supporting tool
,A Scalable Framework for Multidimensional Quality Assessment and Benchmarking of EEG Datasets,2026,IEEE Access,10.1109/access.2026.3683199,https://doi.org/10.1109/access.2026.3683199,Yes (Crossref),0,0,0,2026-08-17,REJECTED,"Dataset quality framework, not a classification study"
,Deep learning-based classification of dementia using image representation of subcortical signals,2025,BMC Medical Informatics and Decision Making,10.1186/s12911-025-02924-w,https://doi.org/10.1186/s12911-025-02924-w,Yes (Crossref),12,12,14,2026-08-17,REJECTED,Different dataset (BrainLat/in-house); image representation only
,EEG classification for neurological disorders using frequency band deciles,2025,Scientific Reports,10.1038/s41598-025-33535-0,https://doi.org/10.1038/s41598-025-33535-0,Yes (Crossref),3,3,3,2026-08-17,REJECTED,Feature-engineering study; no graph contrast
,Computational methods of EEG signals analysis for Alzheimer’s disease classification,2023,Scientific Reports,10.1038/s41598-023-32664-8,https://doi.org/10.1038/s41598-023-32664-8,Yes (Crossref),88,86,93,2026-08-17,REJECTED,Methods survey; descriptive
,A comparison of resting state EEG and structural MRI for classifying Alzheimer’s disease and mild cognitive impairment,2020,NeuroImage,10.1016/j.neuroimage.2020.116795,https://doi.org/10.1016/j.neuroimage.2020.116795,Yes (Crossref),97,107,,2026-08-17,REJECTED,EEG vs MRI comparison; different question
,EEG biomarkers in Alzheimer’s and prodromal Alzheimer’s: a comprehensive analysis of spectral and connectivity features,2024,Alzheimer's Research & Therapy,10.1186/s13195-024-01582-w,https://doi.org/10.1186/s13195-024-01582-w,Yes (Crossref),67,66,61,2026-08-17,REJECTED,"Biomarker study, not classification pipeline"
,An attention-based deep learning approach for the classification of subjective cognitive decline and mild cognitive impairment using resting-state EEG,2023,Journal of Neural Engineering,10.1088/1741-2552/acb96e,https://doi.org/10.1088/1741-2552/acb96e,Yes (Crossref),64,64,56,2026-08-17,REJECTED,SCD/MCI cohort; dataset unavailable
,Electroencephalography functional network for screening amyloid positivity in mild cognitive impairment: a cross-sectional study,2025,Clinical Neurophysiology,10.1016/j.clinph.2025.2111374,https://doi.org/10.1016/j.clinph.2025.2111374,Yes (Crossref),2,2,1,2026-08-17,REJECTED,Amyloid/MCI screening cohort; different labels
,Early Diagnosis of Alzheimer’s Disease in Human Participants Using EEGConformer and Attention-Based LSTM During the Short Question Task,2025,Diagnostics,10.3390/diagnostics15040448,https://doi.org/10.3390/diagnostics15040448,Yes (Crossref),9,8,8,2026-08-17,REJECTED,Single-architecture study; no representation comparison
,A New Minimum Spanning Tree-Based Analysis of EEG and MEG With Application to Classification of Alzheimer’s Disease,2025,IEEE Access,10.1109/access.2025.3585196,https://doi.org/10.1109/access.2025.3585196,Yes (Crossref),2,2,0,2026-08-17,REJECTED,Narrow single-metric (MST) scope
,Privacy–preserving dementia classification from EEG via hybrid–fusion EEGNetv4 and federated learning,2025,Frontiers in Computational Neuroscience,10.3389/fncom.2025.1617883,https://doi.org/10.3389/fncom.2025.1617883,Yes (Crossref),8,7,9,2026-08-17,REJECTED,"Federated learning focus, not representation"
,Accurate deep-learning model to differentiate dementia severity and diagnosis using a portable electroencephalography device,2025,Scientific Reports,10.1038/s41598-025-12526-1,https://doi.org/10.1038/s41598-025-12526-1,Yes (Crossref),9,8,12,2026-08-17,REJECTED,3-channel portable device - too few channels for a graph
,The use of low-density EEG for the classification of PPA and MCI,2025,Frontiers in Human Neuroscience,10.3389/fnhum.2025.1526554,https://doi.org/10.3389/fnhum.2025.1526554,Yes (Crossref),2,2,2,2026-08-17,REJECTED,PPA/MCI low-density cohort
,DEF-DSVM: A deep ensemble feature learning and deepSVM approach for multifaceted analysis and diagnosis of Alzheimer’s disease from EEG signals,2025,Methods,10.1016/j.ymeth.2025.08.003,https://doi.org/10.1016/j.ymeth.2025.08.003,Yes (Crossref),3,3,6,2026-08-17,REJECTED,No graph or representation contrast
,Parkinson’s disease classification using optimized attention-based deep learning from EEG signals with interpretable sub-band topography,2026,Brain Informatics,10.1186/s40708-026-00317-x,https://doi.org/10.1186/s40708-026-00317-x,Yes (Crossref),0,0,0,2026-08-17,REJECTED,Screened out at detailed-examination stage
,The Temple University Hospital EEG Data Corpus,2016,Frontiers in Neuroscience,10.3389/fnins.2016.00196,https://doi.org/10.3389/fnins.2016.00196,Yes (Crossref),479,521,605,2026-08-17,REJECTED,TUH corpus - dataset not selected (access restricted)
,Indications of nonlinear deterministic and finite-dimensional structures in time series of brain electrical activity: Dependence on recording region and brain state,2001,Physical Review E,10.1103/physreve.64.061907,https://doi.org/10.1103/physreve.64.061907,Yes (Crossref),2439,3013,2954,2026-08-17,REJECTED,"Bonn dataset - single channel, no channel graph possible"
,EEG Signal Processing for Alzheimer’s Disorders Using Discrete Wavelet Transform and Machine Learning Approaches,2022,IEEE Access,10.1109/access.2022.3198988,https://doi.org/10.1109/access.2022.3198988,Yes (Crossref),104,111,93,2026-08-17,REJECTED,Split protocol not verifiable
,Multi-feature fusion learning for Alzheimer's disease prediction using EEG signals in resting state,2023,Frontiers in Neuroscience,10.3389/fnins.2023.1272834,https://doi.org/10.3389/fnins.2023.1272834,Yes (Crossref),71,72,74,2026-08-17,REJECTED,No graph/representation contrast
,A novel approach hybrid of ensemble learning and 3-D CNN mechanism: early-stage diagnosis of Alzheimer’s disease using EEG signals,2025,Scientific Reports,10.1038/s41598-025-19727-8,https://doi.org/10.1038/s41598-025-19727-8,Yes (Crossref),4,4,6,2026-08-17,REJECTED,"3-D CNN neuroimaging, not EEG-graph relevant"
,An Approach toward Artificial Intelligence Alzheimer’s Disease Diagnosis Using Brain Signals,2023,Diagnostics,10.3390/diagnostics13030477,https://doi.org/10.3390/diagnostics13030477,Yes (Crossref),51,51,50,2026-08-17,REJECTED,Broad AI overview; low methodological specificity
,Identification of Alzheimer’s disease from central lobe EEG signals utilizing machine learning and residual neural network,2023,Biomedical Signal Processing and Control,10.1016/j.bspc.2023.105266,https://doi.org/10.1016/j.bspc.2023.105266,Yes (Crossref),62,61,59,2026-08-17,REJECTED,Paywalled; preprocessing unverifiable
,LCADNet: a novel light CNN architecture for EEG-based Alzheimer disease detection,2024,Physical and Engineering Sciences in Medicine,10.1007/s13246-024-01425-w,https://doi.org/10.1007/s13246-024-01425-w,Yes (Crossref),61,58,62,2026-08-17,REJECTED,"Paywalled; CNN architecture only, no representation comparison"
,"Early dementia diagnosis, MCI‐to‐dementia risk prediction, and the role of machine learning methods for feature extraction from integrated biomarkers, in particular for EEG signal ",2022,Alzheimer's & Dementia,10.1002/alz.12645,https://doi.org/10.1002/alz.12645,Yes (Crossref),87,89,82,2026-08-17,REJECTED,Review of MCI-to-dementia risk; not an EEG pipeline study
,Functional and effective brain connectivity for discrimination between Alzheimer’s patients and healthy individuals: A study on resting state EEG rhythms,2017,Clinical Neurophysiology,10.1016/j.clinph.2016.10.002,https://doi.org/10.1016/j.clinph.2016.10.002,Yes (Crossref),100,106,104,2026-08-17,REJECTED,Superseded by newer connectivity work
,Primate brain pattern-based automated Alzheimer's disease detection model using EEG signals,2022,Cognitive Neurodynamics,10.1007/s11571-022-09859-2,https://doi.org/10.1007/s11571-022-09859-2,Yes (Crossref),85,96,89,2026-08-17,REJECTED,Hand-crafted pattern model; no graph relevance
,Multi-View Spatial-Temporal Graph Convolutional Networks With Domain Generalization for Sleep Stage Classification,2021,IEEE Transactions on Neural Systems and Rehabilitation Engineering,10.1109/tnsre.2021.3110665,https://doi.org/10.1109/tnsre.2021.3110665,Yes (Crossref),254,262,247,2026-08-17,REJECTED,"Sleep staging, not neurological disease"
,EEG-Based Emotion Recognition Using Regularized Graph Neural Networks,2022,IEEE Transactions on Affective Computing,10.1109/taffc.2020.2994159,https://doi.org/10.1109/taffc.2020.2994159,Yes (Crossref),765,872,794,2026-08-17,REJECTED,"Emotion recognition, not disease classification"
,EEG Emotion Recognition Using Dynamical Graph Convolutional Neural Networks,2020,IEEE Transactions on Affective Computing,10.1109/taffc.2018.2817622,https://doi.org/10.1109/taffc.2018.2817622,Yes (Crossref),1408,1554,1417,2026-08-17,REJECTED,"Emotion recognition, not disease classification"
,"The BrainLat project, a multimodal neuroimaging dataset of neurodegeneration from underrepresented backgrounds",2023,Scientific Data,10.1038/s41597-023-02806-8,https://doi.org/10.1038/s41597-023-02806-8,Yes (Crossref),72,,,2026-08-17,REJECTED,"Dataset paper (BrainLat) - listed in Section 7, not a classification paper"
,"Deep learning-based EEG analysis to classify normal, mild cognitive impairment, and dementia: Algorithms and dataset",2023,NeuroImage,10.1016/j.neuroimage.2023.120054,https://doi.org/10.1016/j.neuroimage.2023.120054,Yes (Crossref),97,,,2026-08-17,REJECTED,Dataset paper (CAUEEG) - access restricted
,The two decades brainclinics research archive for insights in neurophysiology (TDBRAIN) database,2022,Scientific Data,10.1038/s41597-022-01409-z,https://doi.org/10.1038/s41597-022-01409-z,Yes (Crossref),92,,,2026-08-17,REJECTED,Dataset paper (TDBRAIN) - psychiatric focus
,"DISCOVER-EEG: an open, fully automated EEG pipeline for biomarker discovery in clinical neuroscience",2023,Scientific Data,10.1038/s41597-023-02525-0,https://doi.org/10.1038/s41597-023-02525-0,Yes (Crossref),66,,,2026-08-17,REJECTED,Pipeline tool paper (DISCOVER-EEG) - supporting method
,,,,10.48550/arxiv.1710.10903,https://doi.org/10.48550/arxiv.1710.10903,Yes (DataCite),,,,2026-08-17,REJECTED,Foundational GNN (GAT) - architecture background
,,,,10.48550/arxiv.1606.09375,https://doi.org/10.48550/arxiv.1606.09375,Yes (DataCite),,,,2026-08-17,REJECTED,Foundational GNN (ChebNet) - architecture background
,,,,10.48550/arxiv.1810.00826,https://doi.org/10.48550/arxiv.1810.00826,Yes (DataCite),,,,2026-08-17,REJECTED,Foundational GNN (GIN) - architecture background
,,,,10.18112/openneuro.ds004504.v1.0.9,https://doi.org/10.18112/openneuro.ds004504.v1.0.9,Yes (doi.org resolution),,,,2026-08-17,REJECTED,Dataset record DOI - does not resolve; use v1.0.8
B1,Paroxysmal slow cortical activity in Alzheimer's disease and epilepsy is associated with blood-brain barrier dysfunction,2019,Science Translational Medicine,10.1126/scitranslmed.aaw8954,https://doi.org/10.1126/scitranslmed.aaw8954,Yes (Crossref),95,,,2026-10-09,"SELECTED (P0 addition: BBB/PSWE arm, competitor, statistics)",
B2,Blood-brain barrier dysfunction in aging induces hyperactivation of TGFbeta signaling and chronic yet reversible neural dysfunction,2019,Science Translational Medicine,10.1126/scitranslmed.aaw8283,https://doi.org/10.1126/scitranslmed.aaw8283,Yes (Crossref),244,,,2026-10-09,"SELECTED (P0 addition: BBB/PSWE arm, competitor, statistics)",
B3,Paroxysmal Slow-Wave Events Are Uncommon in Parkinson's Disease,2023,Sensors,10.3390/s23020918,https://doi.org/10.3390/s23020918,Yes (Crossref),4,,,2026-10-09,"SELECTED (P0 addition: BBB/PSWE arm, competitor, statistics)",
B4,Electroencephalogram Data-Based Analysis of Paroxysmal Slow Wave Events Patterns in Brain Pathologies,2025,IEEE EMBC 2025,10.1109/embc58623.2025.11254025,https://doi.org/10.1109/embc58623.2025.11254025,Yes (Crossref),0,,,2026-10-09,"SELECTED (P0 addition: BBB/PSWE arm, competitor, statistics)",
B5,Blood-brain barrier breakdown is an early biomarker of human cognitive dysfunction,2019,Nature Medicine,10.1038/s41591-018-0297-y,https://doi.org/10.1038/s41591-018-0297-y,Yes (Crossref),1578,,,2026-10-09,"SELECTED (P0 addition: BBB/PSWE arm, competitor, statistics)",
B6,Frequency bands EEG Biomarkers for Dementia using Graph Neural Networks (preprint),2025,bioRxiv,10.1101/2025.08.18.670945,https://doi.org/10.1101/2025.08.18.670945,Yes (Crossref),0,,,2026-10-09,"SELECTED (P0 addition: BBB/PSWE arm, competitor, statistics)",
B7,Inference for the Generalization Error,2003,Machine Learning,10.1023/A:1024068626366,https://doi.org/10.1023/A:1024068626366,Yes (Crossref),881,,,2026-10-09,"SELECTED (P0 addition: BBB/PSWE arm, competitor, statistics)",
