Ref,DOI,Title,Year,Venue,Free_copy_exists,Free_full_text_URL,Host
F10,10.1016/j.neunet.2019.12.006,A novel multi-modal machine learning based approach for automatic classification of EEG recordings in dementia,2020,Neural Networks,NO,,
R11,10.1142/s0129065725500480,Graph Spectral Analysis Using Electroencephalography in Alzheimer Disease and Frontotemporal Dementia Patients,2025,International Journal of Neural Systems,NO,,
(background/rejected),10.1109/jbhi.2023.3292452,EEG-Based Parkinson's Disease Recognition via Attention-Based Sparse Graph Convolutional Neural Network,2023,IEEE Journal of Biomedical and Health Informatics,NO,,
(background/rejected),10.1016/j.cmpb.2021.106277,EEG-Based Seizure detection using linear graph convolution network with focal loss,2021,Computer Methods and Programs in Biomedicine,NO,,
(background/rejected),10.1093/brain/awn262,Graph theoretical analysis of magnetoencephalographic functional connectivity in Alzheimer's disease,2008,Brain,NO,,
(background/rejected),10.1016/j.jneumeth.2003.10.009,EEGLAB: an open source toolbox for analysis of single-trial EEG dynamics including independent component analysis,2004,Journal of Neuroscience Methods,NO,,
(background/rejected),10.1103/physreve.64.061907,Indications of nonlinear deterministic and finite-dimensional structures in time series of brain electrical activity: Dependence on recording region and brain state,2001,Physical Review E,NO,,
(background/rejected),10.1016/j.bspc.2023.105266,Identification of Alzheimer’s disease from central lobe EEG signals utilizing machine learning and residual neural network,2023,Biomedical Signal Processing and Control,NO,,
(background/rejected),10.1007/s13246-024-01425-w,LCADNet: a novel light CNN architecture for EEG-based Alzheimer disease detection,2024,Physical and Engineering Sciences in Medicine,NO,,
(background/rejected),10.1016/j.clinph.2016.10.002,Functional and effective brain connectivity for discrimination between Alzheimer’s patients and healthy individuals: A study on resting state EEG rhythms,2017,Clinical Neurophysiology,NO,,
(background/rejected),10.1109/taffc.2018.2817622,EEG Emotion Recognition Using Dynamical Graph Convolutional Neural Networks,2020,IEEE Transactions on Affective Computing,NO,,
F1,10.3390/data8060095,"A Dataset of Scalp EEG Recordings of Alzheimer’s Disease, Frontotemporal Dementia and Healthy Subjects from Routine EEG",2023,Data,YES,https://www.mdpi.com/2306-5729/8/6/95/pdf?version=1685172381,publisher
F2,10.1109/access.2023.3294618,DICE-Net: A Novel Convolution-Transformer Architecture for Alzheimer Detection in EEG Signals,2023,IEEE Access,YES,https://ieeexplore.ieee.org/ielx7/6287639/6514899/10179900.pdf,publisher
F3,10.1109/tnsre.2022.3204913,EEG-Based Graph Neural Network Classification of Alzheimer’s Disease: An Empirical Evaluation of Functional Connectivity Methods,2022,IEEE Transactions on Neural Systems and Rehabilitation Engineering,YES,https://ieeexplore.ieee.org/ielx7/7333/4359219/09878348.pdf,publisher
F4,10.1109/tnsre.2023.3321634,Adaptive Gated Graph Convolutional Network for Explainable Diagnosis of Alzheimer’s Disease Using EEG Data,2023,IEEE Transactions on Neural Systems and Rehabilitation Engineering,YES,https://ieeexplore.ieee.org/ielx7/7333/4359219/10271565.pdf,publisher
F5,10.1109/tnsre.2024.3355750,Graph Neural Network-Based EEG Classification: A Survey,2024,IEEE Transactions on Neural Systems and Rehabilitation Engineering,YES,https://ieeexplore.ieee.org/ielx7/7333/4359219/10403874.pdf,publisher
F11,10.1002/hbm.20346,Phase lag index: Assessment of functional connectivity from multi channel EEG and MEG with diminished bias from common sources,2007,Human Brain Mapping,YES,https://onlinelibrary.wiley.com/doi/pdfdirect/10.1002/hbm.20346?download=true,publisher
F12,10.1093/cercor/bhj127,Small-World Networks and Functional Connectivity in Alzheimer's Disease,2006,Cerebral Cortex,YES,https://academic.oup.com/cercor/article-pdf/17/1/92/795883/bhj127.pdf,publisher
F14,10.1088/1741-2552/aace8c,EEGNet: a compact convolutional neural network for EEG-based brain–computer interfaces,2018,Journal of Neural Engineering,YES,https://iopscience.iop.org/article/10.1088/1741-2552/aace8c/pdf,publisher
R4,10.1038/s41598-026-57069-1,Explainable EEG-based machine learning for early diagnosis of Alzheimer’s disease and frontotemporal dementia,2026,Scientific Reports,YES,https://www.nature.com/articles/s41598-026-57069-1_reference.pdf,publisher
R5,10.3390/brainsci16080856,Alzheimer’s Disease Detection Using Combined EEG Source Connectivity and Microstate Features,2026,Brain Sciences,YES,https://doi.org/10.3390/brainsci16080856,publisher
R6,10.3390/brainsci16070716,RGB-Style Input Representations for EEG: Evaluating Spatial Concatenation Versus Band-Wise Stacking in Deep Emotion Recognition,2026,Brain Sciences,YES,https://www.mdpi.com/2076-3425/16/7/716/pdf?version=1783084411,publisher
R12,10.1007/s40747-025-01974-x,Multi-frequency EEG and multi-functional connectivity graph convolutional network based detection method of patients with Alzheimer’s disease,2025,Complex & Intelligent Systems,YES,https://link.springer.com/content/pdf/10.1007/s40747-025-01974-x.pdf,publisher
R14,10.1007/s11571-025-10232-2,Classification for Alzheimer's disease and frontotemporal dementia via resting-state electroencephalography-based coherence and convolutional neural network,2025,Cognitive Neurodynamics,YES,https://pmc.ncbi.nlm.nih.gov/articles/PMC11880455/,repository
R16,10.1016/j.compbiomed.2025.111041,Muti-band Morlet mutual information functional connectivity for classifying Alzheimer's disease and frontotemporal dementia with a deep learning technique,2025,Computers in Biology and Medicine,YES,https://doi.org/10.1016/j.compbiomed.2025.111041,publisher
(background/rejected),10.1109/access.2025.3590304,Graph Neural Network Classification in EEG-Based Biometric Identification: Evaluation of Functional Connectivity Methods Using Time-Frequency Metric,2025,IEEE Access,YES,https://doi.org/10.1109/access.2025.3590304,publisher
(background/rejected),10.1088/1741-2552/ab0ab5,Deep learning for electroencephalogram (EEG) classification tasks: a review,2019,Journal of Neural Engineering,YES,https://iopscience.iop.org/article/10.1088/1741-2552/ab0ab5/pdf,publisher
(background/rejected),10.1088/1741-2552/ab260c,Deep learning-based electroencephalography analysis: a systematic review,2019,Journal of Neural Engineering,YES,https://iopscience.iop.org/article/10.1088/1741-2552/ab260c/pdf,publisher
(background/rejected),10.1109/tnsre.2019.2909100,A Dementia Classification Framework Using Frequency and Time-Frequency Features Based on EEG Signals,2019,IEEE Transactions on Neural Systems and Rehabilitation Engineering,YES,https://dspace.lib.cranfield.ac.uk/handle/1826/14210,repository
(background/rejected),10.1016/j.neuroimage.2011.01.055,"An improved index of phase-synchronization for electrophysiological data in the presence of volume-conduction, noise and sample-size bias",2011,NeuroImage,YES,https://doi.org/science/article/pii/S1053811911000917,publisher
(background/rejected),10.1109/access.2026.3683199,A Scalable Framework for Multidimensional Quality Assessment and Benchmarking of EEG Datasets,2026,IEEE Access,YES,https://doi.org/10.1109/access.2026.3683199,publisher
(background/rejected),10.1016/j.neuroimage.2020.116795,A comparison of resting state EEG and structural MRI for classifying Alzheimer’s disease and mild cognitive impairment,2020,NeuroImage,YES,https://www.sciencedirect.com/science/article/pii/S1053811920302822/pdf,publisher
(background/rejected),10.1088/1741-2552/acb96e,An attention-based deep learning approach for the classification of subjective cognitive decline and mild cognitive impairment using resting-state EEG,2023,Journal of Neural Engineering,YES,https://iopscience.iop.org/article/10.1088/1741-2552/acb96e/pdf,publisher
(background/rejected),10.1016/j.clinph.2025.2111374,Electroencephalography functional network for screening amyloid positivity in mild cognitive impairment: a cross-sectional study,2025,Clinical Neurophysiology,YES,https://doi.org/10.1016/j.clinph.2025.2111374,publisher
(background/rejected),10.1109/access.2025.3585196,A New Minimum Spanning Tree-Based Analysis of EEG and MEG With Application to Classification of Alzheimer’s Disease,2025,IEEE Access,YES,https://doi.org/10.1109/access.2025.3585196,publisher
(background/rejected),10.1016/j.ymeth.2025.08.003,DEF-DSVM: A deep ensemble feature learning and deepSVM approach for multifaceted analysis and diagnosis of Alzheimer’s disease from EEG signals,2025,Methods,YES,https://doi.org/10.1016/j.ymeth.2025.08.003,publisher
(background/rejected),10.1186/s40708-026-00317-x,Parkinson’s disease classification using optimized attention-based deep learning from EEG signals with interpretable sub-band topography,2026,Brain Informatics,YES,https://doi.org/10.1186/s40708-026-00317-x,publisher
(background/rejected),10.1109/access.2022.3198988,EEG Signal Processing for Alzheimer’s Disorders Using Discrete Wavelet Transform and Machine Learning Approaches,2022,IEEE Access,YES,https://doi.org/10.1109/access.2022.3198988,publisher
(background/rejected),10.1007/s11571-022-09859-2,Primate brain pattern-based automated Alzheimer's disease detection model using EEG signals,2022,Cognitive Neurodynamics,YES,https://pmc.ncbi.nlm.nih.gov/articles/PMC10229526/pdf/11571_2022_Article_9859.pdf,repository
(background/rejected),10.1109/taffc.2020.2994159,EEG-Based Emotion Recognition Using Regularized Graph Neural Networks,2022,IEEE Transactions on Affective Computing,YES,https://dr.ntu.edu.sg/bitstream/10356/152723/2/EEG-Based_Emotion_Recognition_Using_Regularized_Graph_Neural_Networks.pdf,repository
(background/rejected),10.1016/j.neuroimage.2023.120054,,,,YES,https://doi.org/10.1016/j.neuroimage.2023.120054,publisher
