model,seed,fold,macro_f1,balanced_acc,accuracy,kappa,brier,ece,roc_auc,pr_auc,sens_0,spec_0,sens_1,spec_1
demographics_lr,0,0,0.696969696969697,0.75,0.7,0.4255319148936171,0.4635802244713121,0.12111543683723439,0.7725000000000001,0.7830319561198886,0.6,0.9,0.9,0.6
chance_stratified,0,0,0.49760765550239233,0.5,0.5333333333333333,0.0,0.9333333333333333,0.4666666666666667,0.5,0.5,0.6,0.4,0.4,0.6
demographics_lr,0,1,0.4712103407755582,0.47500000000000003,0.5,-0.04651162790697683,0.5190214410542918,0.13211715259267978,0.575,0.5873429993027789,0.55,0.4,0.4,0.55
chance_stratified,0,1,0.730423620025674,0.725,0.7666666666666667,0.46153846153846156,0.4666666666666667,0.23333333333333328,0.7250000000000001,0.6607142857142857,0.85,0.6,0.6,0.85
demographics_lr,0,2,0.569377990430622,0.575,0.6,0.1428571428571429,0.4731876638275417,0.0598510558963231,0.6,0.5953262938452166,0.65,0.5,0.5,0.65
chance_stratified,0,2,0.3617021276595745,0.425,0.5666666666666667,-0.18181818181818188,0.8666666666666667,0.43333333333333335,0.425,0.4842592592592593,0.85,0.0,0.0,0.85
demographics_lr,0,3,0.5238095238095237,0.525,0.5666666666666667,0.04878048780487798,0.47657455585654984,0.1056591022497988,0.5574999999999999,0.5888060348271851,0.65,0.4,0.4,0.65
chance_stratified,0,3,0.5485636114911081,0.55,0.6333333333333333,0.10810810810810811,0.7333333333333333,0.3666666666666667,0.55,0.525879917184265,0.8,0.3,0.3,0.8
demographics_lr,0,4,0.6037267080745341,0.6333333333333333,0.6206896551724138,0.2313253012048192,0.47857277247933405,0.09376423057286457,0.6527777777777777,0.6482161232290247,0.6,0.6666666666666666,0.6666666666666666,0.6
chance_stratified,0,4,0.4873737373737374,0.49722222222222223,0.5172413793103449,-0.004950495049504955,0.9655172413793104,0.48275862068965514,0.49722222222222223,0.498817878720896,0.55,0.4444444444444444,0.4444444444444444,0.55
demographics_lr,1,0,0.304029304029304,0.3,0.36666666666666664,-0.3902439024390245,0.595225715523302,0.24478326504119435,0.31500000000000006,0.4496403426937486,0.5,0.1,0.1,0.5
chance_stratified,1,0,0.4993581514762516,0.5,0.5666666666666667,0.0,0.8666666666666667,0.43333333333333335,0.49999999999999994,0.5,0.7,0.3,0.3,0.7
demographics_lr,1,1,0.6827262044653349,0.7,0.7,0.37209302325581395,0.4421233345789895,0.1135022888810027,0.72,0.6762908769973988,0.7,0.7,0.7,0.7
chance_stratified,1,1,0.475,0.475,0.5333333333333333,-0.050000000000000044,0.9333333333333333,0.4666666666666667,0.47500000000000003,0.48958333333333337,0.65,0.3,0.3,0.65
demographics_lr,1,2,0.6296296296296295,0.675,0.6333333333333333,0.297872340425532,0.44974384715196636,0.06046942474027391,0.7949999999999999,0.7540183877654852,0.55,0.8,0.8,0.55
chance_stratified,1,2,0.466484268125855,0.475,0.5666666666666667,-0.054054054054053946,0.8666666666666667,0.43333333333333335,0.475,0.4898033126293996,0.75,0.2,0.2,0.75
demographics_lr,1,3,0.49760765550239233,0.5,0.5333333333333333,0.0,0.5517047714733753,0.12978083938579857,0.44749999999999995,0.5052525565248951,0.6,0.4,0.4,0.6
chance_stratified,1,3,0.42233632862644416,0.42500000000000004,0.5,-0.15384615384615374,1.0,0.5,0.425,0.4734126984126984,0.65,0.2,0.2,0.65
demographics_lr,1,4,0.6338383838383839,0.6583333333333333,0.6551724137931034,0.2821782178217821,0.44655829347980847,0.08496748133003296,0.7194444444444443,0.7216817397164265,0.65,0.6666666666666666,0.6666666666666666,0.65
chance_stratified,1,4,0.5695006747638327,0.5722222222222222,0.6206896551724138,0.14016172506738533,0.7586206896551724,0.3793103448275862,0.5722222222222222,0.5364387981447873,0.7,0.4444444444444444,0.4444444444444444,0.7
demographics_lr,2,0,0.6411483253588517,0.6499999999999999,0.6666666666666666,0.2857142857142857,0.4664193049490679,0.0765352603448437,0.72,0.679648237070276,0.7,0.6,0.6,0.7
chance_stratified,2,0,0.40070505287896596,0.4,0.43333333333333335,-0.18604651162790709,1.1333333333333333,0.5666666666666667,0.4,0.4650075414781297,0.5,0.3,0.3,0.5
demographics_lr,2,1,0.42233632862644416,0.42500000000000004,0.5,-0.15384615384615374,0.5150987978552635,0.1770887609153087,0.48500000000000004,0.5594278874616363,0.65,0.2,0.2,0.65
chance_stratified,2,1,0.4258373205741627,0.42500000000000004,0.4666666666666667,-0.1428571428571428,1.0666666666666667,0.5333333333333333,0.42500000000000004,0.4722222222222222,0.55,0.3,0.3,0.55
demographics_lr,2,2,0.375,0.375,0.4,-0.22727272727272707,0.5603232062385424,0.21520798514017656,0.40249999999999997,0.48592659362140656,0.45,0.3,0.3,0.45
chance_stratified,2,2,0.49760765550239233,0.5,0.5333333333333333,0.0,0.9333333333333333,0.4666666666666667,0.5,0.5,0.6,0.4,0.4,0.6
demographics_lr,2,3,0.5333333333333333,0.6000000000000001,0.5333333333333333,0.16000000000000003,0.5226168133440445,0.12591440568891546,0.6275,0.6127433933865423,0.4,0.8,0.8,0.4
chance_stratified,2,3,0.5970695970695971,0.6,0.6333333333333333,0.19512195121951215,0.7333333333333333,0.3666666666666667,0.5999999999999999,0.5548644338118023,0.7,0.5,0.5,0.7
demographics_lr,2,4,0.6947368421052631,0.7083333333333333,0.7241379310344828,0.39267015706806285,0.42969766887883226,0.16322354296346575,0.825,0.7919382176209222,0.75,0.6666666666666666,0.6666666666666666,0.75
chance_stratified,2,4,0.5166666666666666,0.5166666666666666,0.5862068965517241,0.033333333333333326,0.8275862068965517,0.4137931034482759,0.5166666666666666,0.5074521072796935,0.7,0.3333333333333333,0.3333333333333333,0.7
demographics_lr,3,0,0.4712103407755582,0.47500000000000003,0.5,-0.04651162790697683,0.5406769359673206,0.11723048487983707,0.515,0.5457308005853171,0.55,0.4,0.4,0.55
chance_stratified,3,0,0.3181818181818182,0.35,0.4666666666666667,-0.33333333333333326,1.0666666666666667,0.5333333333333333,0.35,0.4708333333333333,0.7,0.0,0.0,0.7
demographics_lr,3,1,0.466484268125855,0.475,0.5666666666666667,-0.054054054054053946,0.5179850843289826,0.06765728467379015,0.4925,0.5232104924477489,0.75,0.2,0.2,0.75
chance_stratified,3,1,0.5622895622895623,0.6,0.5666666666666667,0.17021276595744683,0.8666666666666667,0.43333333333333335,0.6,0.5530920060331825,0.5,0.7,0.7,0.5
demographics_lr,3,2,0.4949494949494949,0.525,0.5,0.042553191489361764,0.48309588710813306,0.14066389056873108,0.63,0.6273809702546747,0.45,0.6,0.6,0.45
chance_stratified,3,2,0.48863636363636365,0.5,0.6,0.0,0.8,0.4,0.5,0.5,0.8,0.2,0.2,0.8
demographics_lr,3,3,0.7129186602870814,0.725,0.7333333333333333,0.4285714285714286,0.43950586421016474,0.1729139923743188,0.7725,0.7894884799296564,0.75,0.7,0.7,0.75
chance_stratified,3,3,0.5738636363636364,0.575,0.6666666666666666,0.16666666666666663,0.6666666666666666,0.33333333333333337,0.575,0.5427083333333333,0.85,0.3,0.3,0.85
demographics_lr,3,4,0.543030303030303,0.5833333333333333,0.5517241379310345,0.13729977116704817,0.47617573412424175,0.06001746115295006,0.6333333333333333,0.6585585940354246,0.5,0.6666666666666666,0.6666666666666666,0.5
chance_stratified,3,4,0.49122807017543857,0.4916666666666667,0.5517241379310345,-0.016172506738544534,0.896551724137931,0.4482758620689655,0.4916666666666667,0.49650635208711436,0.65,0.3333333333333333,0.3333333333333333,0.65
demographics_lr,4,0,0.6827262044653349,0.7,0.7,0.37209302325581395,0.4455299732088582,0.12158134895369324,0.7575000000000001,0.7164787382855555,0.7,0.7,0.7,0.7
chance_stratified,4,0,0.55,0.55,0.6,0.10000000000000009,0.8,0.4,0.5499999999999999,0.5249999999999999,0.7,0.4,0.4,0.7
demographics_lr,4,1,0.5238095238095237,0.525,0.5666666666666667,0.04878048780487798,0.47993804405503443,0.03511077109913856,0.6275,0.6485771937133704,0.65,0.4,0.4,0.65
chance_stratified,4,1,0.38440492476060195,0.39999999999999997,0.5,-0.21621621621621623,1.0,0.5,0.4,0.4701863354037267,0.7,0.1,0.1,0.7
demographics_lr,4,2,0.5417156286721504,0.55,0.5666666666666667,0.09302325581395343,0.47999644969894817,0.11413870102460659,0.6475,0.6323764004617521,0.6,0.5,0.5,0.6
chance_stratified,4,2,0.354066985645933,0.35,0.4,-0.2857142857142858,1.2,0.6,0.35,0.4555555555555556,0.5,0.2,0.2,0.5
demographics_lr,4,3,0.4712103407755582,0.47500000000000003,0.5,-0.04651162790697683,0.5248694914373764,0.13164075709470555,0.5125,0.5496434386457206,0.55,0.4,0.4,0.55
chance_stratified,4,3,0.5341614906832298,0.55,0.6666666666666666,0.11764705882352933,0.6666666666666666,0.33333333333333337,0.55,0.5282051282051282,0.9,0.2,0.2,0.9
demographics_lr,4,4,0.5735294117647058,0.6083333333333334,0.5862068965517241,0.18309859154929575,0.48300024530019553,0.012034963203573017,0.6166666666666667,0.6722848106111994,0.55,0.6666666666666666,0.6666666666666666,0.55
chance_stratified,4,4,0.4873737373737374,0.49722222222222223,0.5172413793103449,-0.004950495049504955,0.9655172413793104,0.48275862068965514,0.49722222222222223,0.498817878720896,0.55,0.4444444444444444,0.4444444444444444,0.55
