subject,n_events,rate_per_min,time_fraction,duration_s,background_mpf,rel_delta_theta,group,label,age,sex_male,mmse
sub-001,1,0.005264940296399686,0.00044006336912515403,599.796875,5.0,0.746728,A,0,57,0,16
sub-002,5,0.01990851415604231,0.0024587985114300904,793.1015625,8.5,0.36860564,A,0,78,0,22
sub-003,3,0.03084870077965271,0.0034399724802201583,307.1015625,8.0,0.53942144,A,0,70,1,14
sub-004,2,0.008931941051515086,0.0008200387654689131,707.1015625,4.5,0.7921896,A,0,67,0,20
sub-005,62,0.24348848804060186,0.02529986235826178,804.1015625,7.0,0.72041404,A,0,70,1,22
sub-006,15,0.07434987424415801,0.008771929824561403,637.1015625,11.0,0.29737234,A,0,61,0,14
sub-007,1,0.0041059528296590935,0.0003426535087719298,769.1015625,5.0,0.7829311,A,0,79,0,20
sub-008,0,0.0,0.0,799.1015625,2.0,0.88977116,A,0,62,1,16
sub-009,4,0.02058596281258397,0.0017199862401100791,613.6015625,9.5,0.4504851,A,0,77,0,23
sub-010,167,0.40846393217236276,0.048306813545491635,1291.1015625,11.0,0.42169854,A,0,69,1,20
sub-011,115,0.47065469069321914,0.0697881066302119,771.6015625,7.75,0.6580316,A,0,71,1,22
sub-012,194,0.6819923301496161,0.09470163703573314,898.296875,7.0,0.7761137,A,0,63,1,18
sub-013,43,0.16163459246537293,0.02239508186437488,840.1015625,5.0,0.797334,A,0,64,0,20
sub-014,29,0.09688811319622018,0.010147190008920606,945.203125,3.5,0.8006111,A,0,77,1,14
sub-015,56,0.19431029738854874,0.02431822129581379,910.1015625,9.0,0.3975633,A,0,61,1,18
sub-016,24,0.07693569533264294,0.009841677364142062,985.1015625,3.5,0.8433658,A,0,68,0,14
sub-017,12,0.044734584989158555,0.004728132387706856,847.1015625,4.5,0.84017044,A,0,61,0,6
sub-018,5,0.0186394104121494,0.00255070299863133,847.1015625,7.0,0.6162884,A,0,73,0,23
sub-019,94,0.3225503783908404,0.032930530897428555,920.296875,10.0,0.56246316,A,0,62,0,14
sub-020,96,0.34873919768415373,0.041959738054814455,869.296875,5.0,0.79013807,A,0,71,1,4
sub-021,83,0.28387972520528104,0.03099668911976253,923.296875,13.0,0.43290618,A,0,79,1,22
sub-022,21,0.08051926136757932,0.0075553848123959535,823.6015625,4.0,0.8123292,A,0,68,0,20
sub-023,113,0.4136812646489472,0.05642154165902561,862.6015625,9.0,0.5198131,A,0,60,1,16
sub-024,0,0.0,0.0,767.5,6.0,0.7713532,A,0,69,0,20
sub-025,17,0.07686759827024353,0.006796043192630069,698.3984375,9.5,0.3248609,A,0,79,0,20
sub-026,70,0.24095597130221555,0.03637094920707883,917.3984375,5.5,0.6448588,A,0,61,0,18
sub-027,17,0.06460983449173449,0.01993524220684401,830.8984375,4.0,0.8242457,A,0,67,0,16
sub-028,0,0.0,0.0,826.5,5.5,0.77937126,A,0,49,1,20
sub-029,8,0.03410699515374238,0.0046292999074140015,740.703125,4.5,0.8705865,A,0,53,0,16
sub-030,0,0.0,0.0,557.1015625,2.5,0.9002218,A,0,56,0,20
sub-031,107,0.2920951328141384,0.030758714969241284,1156.796875,8.5,0.48976544,A,0,67,0,22
sub-032,3,0.011081648760793665,0.0010489294749182452,854.8984375,7.5,0.6236929,A,0,59,0,20
sub-033,17,0.07592149893787824,0.007231250931862234,707.1015625,11.5,0.39671025,A,0,72,0,20
sub-034,36,0.1170917638090398,0.01971647384715659,970.8984375,6.5,0.6759471,A,0,75,0,18
sub-035,2,0.008342063715770247,0.0006961849067112225,757.1015625,3.5,0.7950513,A,0,57,0,22
sub-036,5,0.01850831645172438,0.0016061279960464542,853.1015625,11.0,0.3273239,A,0,58,0,9
sub-037,36,0.14629260319665846,0.015192620727075421,777.1015625,8.5,0.4109887,C,2,57,1,30
sub-038,122,0.43089417808140434,0.052513703070666586,894.1015625,9.5,0.5637908,C,2,62,1,30
sub-039,72,0.26527593811571376,0.0279144121987211,857.1015625,9.0,0.29304332,C,2,70,1,30
sub-040,357,1.1084128297685432,0.17198508081226688,1017.1015625,8.5,0.6172876,C,2,61,1,30
sub-041,114,0.4058159913341377,0.05191873589164785,887.1015625,13.0,0.3178074,C,2,77,0,30
sub-042,131,0.42424730554804724,0.10796498432940668,975.1015625,9.5,0.47367844,C,2,74,1,30
sub-043,37,0.14092616700762509,0.016145436053902874,829.1015625,4.5,0.7038819,C,2,72,1,30
sub-044,69,0.24715783876812863,0.02505980861244019,881.6015625,10.5,0.36939785,C,2,64,0,30
sub-045,78,0.2855162828738846,0.034965462436579255,862.703125,7.0,0.6763397,C,2,70,0,30
sub-046,46,0.19153936863792237,0.022874226517416395,758.3984375,9.5,0.41536942,C,2,63,1,30
sub-047,56,0.21886399166232412,0.026413617687341028,808.0,9.5,0.3746545,C,2,70,0,30
sub-048,108,0.3365434748649367,0.06911795298522987,1013.3984375,9.5,0.46485546,C,2,65,1,30
sub-049,26,0.10469897471767246,0.01048598507763662,784.203125,10.0,0.3379433,C,2,62,0,30
sub-050,106,0.4049057418347888,0.0548006379585327,826.703125,8.5,0.5526335,C,2,68,1,30
sub-051,209,0.838311469228174,0.1155082362394536,787.296875,10.0,0.5746114,C,2,75,0,30
sub-052,188,0.7800328363224399,0.14182825484764544,761.1015625,10.0,0.39959025,C,2,73,0,30
sub-053,52,0.20544372366749147,0.03818757419865453,799.296875,9.0,0.42220604,C,2,70,1,30
sub-054,24,0.08997952614297722,0.009950560110144564,842.296875,10.0,0.34395728,C,2,78,1,30
sub-055,84,0.32192130812468067,0.03395792031719639,824.0,11.5,0.40453818,C,2,67,1,30
sub-056,7,0.024966458287763508,0.002441057394617766,885.3984375,9.5,0.24516602,C,2,64,0,30
sub-057,13,0.051541282584993554,0.005428666004634227,796.5,10.5,0.416757,C,2,64,1,30
sub-058,8,0.033119115616115816,0.003527214883463587,762.796875,10.0,0.23767929,C,2,62,1,30
sub-059,16,0.063973810721236,0.005944429601923591,789.796875,10.0,0.43095055,C,2,77,1,30
sub-060,89,0.37398886437651013,0.04694736842105263,751.5,12.0,0.61232245,C,2,71,0,30
sub-061,119,0.4654910545568637,0.056288363588872924,807.296875,9.5,0.45686442,C,2,63,0,30
sub-062,40,0.1384887326883449,0.013518978566063898,912.1015625,9.0,0.54023,C,2,67,1,30
sub-063,136,0.5306750804030058,0.06526836894215737,809.296875,10.0,0.48585048,C,2,66,1,30
sub-064,2,0.007438202628068076,0.0007447864945382324,849.1015625,9.5,0.2509902,C,2,66,1,30
sub-065,84,0.3000369744225363,0.03403469034988377,884.1015625,10.5,0.5063646,C,2,71,0,30
sub-066,10,0.05730150214992549,0.005263157894736842,551.1015625,4.5,0.78342915,F,1,73,1,20
sub-067,90,0.44193723493836085,0.04672897196261682,643.1015625,14.5,0.36426872,F,1,66,1,24
sub-068,35,0.1925204929040298,0.020574997703683293,574.1015625,9.0,0.4393796,F,1,78,1,25
sub-069,1,0.004956658282943867,0.0005792783846408474,637.1015625,7.0,0.6968375,F,1,70,1,22
sub-070,9,0.05932156113888471,0.005835719004624532,479.1015625,9.5,0.51652366,F,1,67,0,22
sub-071,12,0.06076754633228691,0.0058385513623286514,623.6015625,10.0,0.3818761,F,1,62,1,20
sub-072,0,0.0,0.0,661.1015625,3.0,0.86933804,F,1,65,1,18
sub-073,29,0.10678495862514367,0.01088293162813576,857.6015625,9.0,0.54314953,F,1,57,0,22
sub-074,138,0.4243744636958906,0.05283697047496791,1026.8984375,8.5,0.6721115,F,1,53,0,20
sub-075,25,0.10509456869079536,0.013543859649122808,751.203125,10.5,0.30965823,F,1,71,0,22
sub-076,67,0.2584022409323693,0.048830767248598854,818.796875,15.5,0.42426148,F,1,44,1,24
sub-077,102,0.4572111613312913,0.062214569139776896,704.5,10.0,0.5933303,F,1,61,1,22
sub-078,132,0.47606368366109203,0.052571359749488136,875.6015625,10.0,0.6693457,F,1,62,1,22
sub-079,129,0.4941402148795698,0.06279976977681141,824.3984375,10.0,0.46788588,F,1,60,0,18
sub-080,46,0.1560461937017021,0.016656280097444905,930.8984375,9.5,0.22777218,F,1,71,0,20
sub-081,4,0.015227943275911298,0.0014619883040935672,829.5,6.0,0.67968935,F,1,61,0,18
sub-082,50,0.20305352311082228,0.0236706456863809,777.6015625,9.0,0.45260042,F,1,63,1,27
sub-083,80,0.2766433579028416,0.02920129270544783,913.203125,10.5,0.5957732,F,1,68,0,20
sub-084,2,0.009685284987619102,0.0010510146333575876,652.1015625,5.5,0.7806589,F,1,71,0,24
sub-085,17,0.09483141203362389,0.00968793665579879,566.1015625,5.5,0.7524565,F,1,64,1,26
sub-086,12,0.057801474263730515,0.006357637212296797,655.6015625,1.0,0.9375737,F,1,49,1,26
sub-087,5,0.026050871109923143,0.0026098303610265334,606.1015625,5.5,0.6979902,F,1,73,1,24
sub-088,16,0.06362701973587123,0.006637021304838389,794.1015625,9.5,0.44068682,F,1,55,1,24
