model,seed,fold,macro_f1,balanced_acc,accuracy,kappa,brier,ece,roc_auc,pr_auc,sens_0,spec_0,sens_1,spec_1,sens_2,spec_2
demographics_lr,0,0,0.4902534113060429,0.4749999999999999,0.5,0.19402985074626866,0.6571831244813503,0.01824009528931318,0.5714743589743589,0.4737666357335475,0.625,0.4,0.4,0.8461538461538461,0.4,0.9230769230769231
chance_stratified,0,0,0.375,0.39166666666666666,0.3888888888888889,0.05714285714285727,1.2222222222222223,0.6111111111111112,0.5355769230769231,0.35851521164021166,0.375,0.5,0.6,0.6923076923076923,0.2,0.8461538461538461
demographics_lr,0,1,0.5015873015873015,0.5015873015873015,0.5,0.2429906542056075,0.6076510775794186,0.07838783102335366,0.6675352425352425,0.5884157415880105,0.5714285714285714,0.7272727272727273,0.6,0.8461538461538461,0.3333333333333333,0.6666666666666666
chance_stratified,0,1,0.15584415584415584,0.17777777777777778,0.16666666666666666,-0.23853211009174302,1.6666666666666667,0.8333333333333334,0.38084693084693083,0.3166666666666667,0.0,0.6363636363636364,0.2,0.6153846153846154,0.3333333333333333,0.5
demographics_lr,0,2,0.5167755991285402,0.5301587301587302,0.5555555555555556,0.3142857142857144,0.6149592743054693,0.11644387446583555,0.6322977947977948,0.4461268581506677,0.8571428571428571,0.6363636363636364,0.4,0.8461538461538461,0.3333333333333333,0.8333333333333334
chance_stratified,0,2,0.1717171717171717,0.21428571428571427,0.2222222222222222,-0.17757009345794383,1.5555555555555556,0.7777777777777778,0.411047286047286,0.31283068783068785,0.14285714285714285,0.7272727272727273,0.0,0.8461538461538461,0.5,0.25
demographics_lr,0,3,0.24542124542124544,0.25396825396825395,0.29411764705882354,-0.09677419354838701,0.7211271222996748,0.2173998613330678,0.5095654345654345,0.3680106968972516,0.42857142857142855,0.6,0.0,0.7692307692307693,0.3333333333333333,0.5454545454545454
chance_stratified,0,3,0.4212121212121212,0.42857142857142855,0.4117647058823529,0.10994764397905765,1.1764705882352942,0.5882352941176471,0.5644022644022644,0.3825863678804855,0.2857142857142857,0.8,0.5,0.8461538461538461,0.5,0.45454545454545453
demographics_lr,0,4,0.4666666666666666,0.503968253968254,0.47058823529411764,0.2272727272727274,0.6146320033870535,0.034536012870984185,0.6884670884670885,0.6149780114065829,0.42857142857142855,0.8,0.75,0.6153846153846154,0.3333333333333333,0.8181818181818182
chance_stratified,0,4,0.2169312169312169,0.1984126984126984,0.23529411764705882,-0.1391752577319587,1.5294117647058822,0.7647058823529411,0.4124930624930625,0.3346449690987505,0.42857142857142855,0.6,0.0,0.46153846153846156,0.16666666666666666,0.8181818181818182
demographics_lr,1,0,0.4619047619047619,0.4583333333333333,0.4444444444444444,0.18918918918918914,0.7132970090087096,0.18723831058117218,0.5663461538461538,0.4736019685652038,0.375,0.9,0.4,0.46153846153846156,0.6,0.8461538461538461
chance_stratified,1,0,0.3185185185185185,0.325,0.3333333333333333,-0.014084507042253724,1.3333333333333333,0.6666666666666667,0.49326923076923074,0.33055555555555555,0.375,0.6,0.2,0.7692307692307693,0.4,0.6153846153846154
demographics_lr,1,1,0.657516339869281,0.6523809523809524,0.6666666666666666,0.48571428571428577,0.5673964984228672,0.23882963736461693,0.7810365560365561,0.627863935006792,0.8571428571428571,0.6363636363636364,0.6,0.9230769230769231,0.5,0.9166666666666666
chance_stratified,1,1,0.3925925925925926,0.38730158730158726,0.3888888888888889,0.0660377358490567,1.2222222222222223,0.6111111111111112,0.5366966366966367,0.360978835978836,0.42857142857142855,0.5454545454545454,0.4,0.8461538461538461,0.3333333333333333,0.6666666666666666
demographics_lr,1,2,0.305050505050505,0.31269841269841264,0.3333333333333333,-0.009345794392523255,0.6364469132985734,0.1787850416582897,0.6487308987308987,0.48074623788909504,0.5714285714285714,0.6363636363636364,0.2,0.6153846153846154,0.16666666666666666,0.75
chance_stratified,1,2,0.4329004329004329,0.4507936507936508,0.4444444444444444,0.17431192660550465,1.1111111111111112,0.5555555555555556,0.5882561882561882,0.3883597883597883,0.2857142857142857,0.8181818181818182,0.4,0.6923076923076923,0.6666666666666666,0.6666666666666666
demographics_lr,1,3,0.2817460317460317,0.2976190476190476,0.29411764705882354,-0.0736842105263158,0.7943290435703132,0.20795839121270465,0.40769785769785766,0.42015945979531416,0.14285714285714285,0.6,0.25,0.7692307692307693,0.5,0.5454545454545454
chance_stratified,1,3,0.29978354978354976,0.2896825396825397,0.29411764705882354,-0.10869565217391308,1.411764705882353,0.7058823529411764,0.4570790320790321,0.3286803610333022,0.2857142857142857,0.3,0.25,0.8461538461538461,0.3333333333333333,0.7272727272727273
demographics_lr,1,4,0.17543859649122806,0.2380952380952381,0.29411764705882354,-0.16571428571428592,0.7419370586925832,0.19865688825070524,0.46618381618381616,0.3650600981133194,0.7142857142857143,0.3,0.0,1.0,0.0,0.5454545454545454
chance_stratified,1,4,0.26666666666666666,0.25396825396825395,0.29411764705882354,-0.0793650793650793,1.411764705882353,0.7058823529411764,0.4492451992451992,0.3444211017740429,0.42857142857142855,0.5,0.0,0.6153846153846154,0.3333333333333333,0.8181818181818182
demographics_lr,2,0,0.3230769230769231,0.325,0.3333333333333333,0.013698630136986356,0.6733568207191103,0.1302009713209536,0.5708333333333333,0.4502979863273981,0.375,0.8,0.4,0.5384615384615384,0.2,0.6923076923076923
chance_stratified,2,0,0.3611111111111111,0.3666666666666667,0.3888888888888889,0.05714285714285727,1.2222222222222223,0.6111111111111112,0.5269230769230768,0.34735449735449736,0.5,0.6,0.4,0.6153846153846154,0.2,0.8461538461538461
demographics_lr,2,1,0.37407407407407406,0.3984126984126984,0.3888888888888889,0.07906976744186067,0.6432084686364534,0.18899333538956986,0.5972624597624597,0.5139742664742665,0.42857142857142855,0.5454545454545454,0.6,0.6923076923076923,0.16666666666666666,0.8333333333333334
chance_stratified,2,1,0.3246753246753247,0.33174603174603173,0.3333333333333333,-0.0046511627906975495,1.3333333333333333,0.6666666666666667,0.49842934842934844,0.3390022675736961,0.42857142857142855,0.6363636363636364,0.4,0.6923076923076923,0.16666666666666666,0.6666666666666666
demographics_lr,2,2,0.3636752136752137,0.37936507936507935,0.3888888888888889,0.08333333333333337,0.6918005693796041,0.14566950788674,0.5695471195471195,0.49506296380245957,0.5714285714285714,0.6363636363636364,0.4,0.5384615384615384,0.16666666666666666,0.9166666666666666
chance_stratified,2,2,0.4467754467754468,0.44285714285714284,0.4444444444444444,0.17050691244239635,1.1111111111111112,0.5555555555555556,0.5840936840936841,0.39470899470899473,0.42857142857142855,0.7272727272727273,0.4,0.6153846153846154,0.5,0.8333333333333334
demographics_lr,2,3,0.4444444444444444,0.44047619047619047,0.47058823529411764,0.15934065934065944,0.672901724066657,0.19388581601283927,0.5536519036519036,0.4083826557040842,0.5714285714285714,0.5,0.25,0.9230769230769231,0.5,0.7272727272727273
chance_stratified,2,3,0.1568627450980392,0.19047619047619047,0.23529411764705882,-0.1945945945945946,1.5294117647058822,0.7647058823529411,0.39850149850149846,0.3310924369747899,0.5714285714285714,0.4,0.0,0.6923076923076923,0.0,0.7272727272727273
demographics_lr,2,4,0.51994301994302,0.5238095238095238,0.5294117647058824,0.287958115183246,0.612489835685968,0.1928491000779088,0.6678543678543679,0.5852934692395476,0.5714285714285714,0.8,0.5,0.7692307692307693,0.5,0.7272727272727273
chance_stratified,2,4,0.45925925925925926,0.4682539682539682,0.47058823529411764,0.19047619047619047,1.0588235294117647,0.5294117647058824,0.5986957486957487,0.39393090569561157,0.5714285714285714,0.6,0.5,0.7692307692307693,0.3333333333333333,0.8181818181818182
demographics_lr,3,0,0.44588744588744583,0.4583333333333333,0.4444444444444444,0.16666666666666663,0.6465156577579108,0.08730895846406969,0.5935897435897436,0.498917931197343,0.375,0.7,0.6,0.7692307692307693,0.4,0.6923076923076923
chance_stratified,3,0,0.3158323158323158,0.3,0.3333333333333333,0.0,1.3333333333333333,0.6666666666666667,0.4884615384615385,0.3583333333333334,0.5,0.8,0.2,0.7692307692307693,0.2,0.46153846153846156
demographics_lr,3,1,0.4034858387799565,0.4158730158730159,0.4444444444444444,0.1428571428571429,0.6602114253536135,0.04981338883863511,0.6027902652902652,0.445796641629975,0.7142857142857143,0.5454545454545454,0.2,0.7692307692307693,0.3333333333333333,0.8333333333333334
chance_stratified,3,1,0.24019607843137256,0.24603174603174602,0.2777777777777778,-0.10377358490566024,1.4444444444444444,0.7222222222222222,0.44129481629481626,0.34470899470899474,0.5714285714285714,0.45454545454545453,0.0,0.5384615384615384,0.16666666666666666,0.9166666666666666
demographics_lr,3,2,0.3111111111111111,0.35714285714285715,0.3888888888888889,0.05263157894736836,0.6758499470553243,0.07386668255856692,0.49324101824101824,0.36041826754011624,0.5714285714285714,0.6363636363636364,0.0,0.9230769230769231,0.5,0.5
chance_stratified,3,2,0.3644688644688645,0.3841269841269841,0.3888888888888889,0.0660377358490567,1.2222222222222223,0.6111111111111112,0.5353035853035852,0.35767195767195764,0.2857142857142857,0.6363636363636364,0.2,0.9230769230769231,0.6666666666666666,0.5
demographics_lr,3,3,0.38576238576238575,0.41269841269841273,0.4117647058823529,0.12371134020618557,0.607925780307958,0.14965346402405771,0.6678377178377178,0.5600325600325601,0.5714285714285714,0.7,0.5,0.6153846153846154,0.16666666666666666,0.8181818181818182
chance_stratified,3,3,0.3945868945868946,0.39285714285714285,0.4117647058823529,0.11458333333333326,1.1764705882352942,0.5882352941176471,0.5512071262071263,0.3698879551820728,0.42857142857142855,0.8,0.25,0.6923076923076923,0.5,0.6363636363636364
demographics_lr,3,4,0.6,0.6071428571428571,0.5882352941176471,0.37037037037037035,0.6329119110912677,0.12699126565001811,0.6253052503052503,0.5673150741778192,0.5714285714285714,0.6,0.75,0.8461538461538461,0.5,0.9090909090909091
chance_stratified,3,4,0.402056277056277,0.39285714285714285,0.4117647058823529,0.07608695652173914,1.1764705882352942,0.5882352941176471,0.5404845154845155,0.37147525676937443,0.42857142857142855,0.4,0.25,0.8461538461538461,0.5,0.8181818181818182
demographics_lr,4,0,0.414957264957265,0.43333333333333335,0.4444444444444444,0.15492957746478875,0.6512588763427395,0.07837402418633721,0.6121794871794872,0.5031847666222666,0.5,0.7,0.6,0.6153846153846154,0.2,0.8461538461538461
chance_stratified,4,0,0.044444444444444446,0.041666666666666664,0.05555555555555555,-0.43661971830985924,1.8888888888888888,0.9444444444444444,0.2798076923076923,0.32076719576719576,0.125,0.4,0.0,0.5384615384615384,0.0,0.6153846153846154
demographics_lr,4,1,0.5111111111111112,0.4904761904761905,0.5,0.22857142857142865,0.6645994830771786,0.27211789440558787,0.6299936174936175,0.5804010692596128,0.5714285714285714,0.6363636363636364,0.4,1.0,0.5,0.5833333333333334
chance_stratified,4,1,0.15079365079365079,0.15079365079365079,0.16666666666666666,-0.26168224299065423,1.6666666666666667,0.8333333333333334,0.3660922410922411,0.31424792139077856,0.2857142857142857,0.5454545454545454,0.0,0.6153846153846154,0.16666666666666666,0.5833333333333334
demographics_lr,4,2,0.4166666666666667,0.4238095238095238,0.4444444444444444,0.1428571428571429,0.6714770090417325,0.10465184732633642,0.5343577718577718,0.435750756142913,0.5714285714285714,0.5454545454545454,0.2,0.8461538461538461,0.5,0.75
chance_stratified,4,2,0.19999999999999998,0.22857142857142856,0.2222222222222222,-0.17209302325581377,1.5555555555555556,0.7777777777777778,0.4176073926073926,0.32116402116402115,0.2857142857142857,0.45454545454545453,0.4,0.6153846153846154,0.0,0.75
demographics_lr,4,3,0.17777777777777778,0.1865079365079365,0.17647058823529413,-0.22680412371134007,0.7385224835245261,0.3214254067235115,0.40837495837495835,0.32141548927263214,0.14285714285714285,0.6,0.25,0.6153846153846154,0.16666666666666666,0.5454545454545454
chance_stratified,4,3,0.29044289044289046,0.32539682539682535,0.29411764705882354,-0.030303030303030276,1.411764705882353,0.7058823529411764,0.4895049395049395,0.33053221288515405,0.14285714285714285,0.8,0.5,0.6153846153846154,0.3333333333333333,0.5454545454545454
demographics_lr,4,4,0.4873737373737373,0.48809523809523814,0.5294117647058824,0.2727272727272727,0.6114980245348792,0.07149541321553687,0.6365273615273616,0.5143414825137514,0.7142857142857143,0.7,0.25,0.7692307692307693,0.5,0.8181818181818182
chance_stratified,4,4,0.3583877995642702,0.3650793650793651,0.35294117647058826,-0.0108108108108107,1.2941176470588236,0.6470588235294117,0.5099289599289599,0.3603952692187986,0.42857142857142855,0.3,0.5,0.8461538461538461,0.16666666666666666,0.8181818181818182
