cell,ablation,n,reference_f1,ablated_f1,delta,delta_ci_lo,delta_ci_hi,cohens_d,wilcoxon_p,nb_t,nb_p,wilcoxon_p_holm,nb_p_holm
P3xhybrid,A12_residualized,25,0.5677474203356556,0.5235803542862366,-0.044167066049419015,-0.09266926477291268,0.004335132674074642,-0.3758854092796873,0.11993378400802612,-0.6330055710273689,0.5327158133342749,1.0,1.0
P3xhybrid,A3_full,25,0.5677474203356556,0.5362105497987851,-0.031536870536870557,-0.06774222184973064,0.004668480775989525,-0.3595540403784275,0.09790935401715499,-0.6055029139893873,0.5505284987427131,1.0,1.0
P3xhybrid,A1_no_graph,25,0.5677474203356556,0.5434354164354164,-0.024312003900239233,-0.06364513408328945,0.015021126282810982,-0.255141198508638,0.21998637914657593,-0.42966764888284104,0.6712704719541288,1.0,1.0
P3xhybrid,A4_binary,25,0.5677474203356556,0.5450269621446092,-0.02272045819104644,-0.056799682869422954,0.011358766487330071,-0.27519828530479484,0.19580982642172762,-0.4634445589918998,0.6472212475442884,1.0,1.0
P3xhybrid,A6_gat,25,0.5677474203356556,0.5467249591367238,-0.02102246119893182,-0.043833645426199525,0.0017887230283358847,-0.3804118804011189,0.16564512325164726,-0.6406283235105031,0.5278341831630828,1.0,1.0
P3xhybrid,A2_random_graph,25,0.5677474203356556,0.5495164095164096,-0.018231010819246135,-0.04928907493339772,0.012827053294905456,-0.24230072337137248,0.28178185385253984,-0.4080437919949043,0.6868589690597768,1.0,1.0
P3xhybrid,RQ7_pswe_edge,25,0.5677474203356556,0.5567012704071527,-0.0110461499285029,-0.04384411358439001,0.021751813727384217,-0.13902163675867366,0.3463247915940385,-0.23411781460265166,0.8168791659768438,1.0,1.0
P3xhybrid,A3_k3,25,0.5677474203356556,0.5583772697890345,-0.009370150546621159,-0.025834947304503787,0.00709464621126147,-0.23491380452237562,0.09669320298836587,-0.3956039348770058,0.6958919436905049,1.0,1.0
P3xhybrid,A5_depth1,25,0.5677474203356556,0.5621757980581509,-0.005571622277504673,-0.0419786812113636,0.030835436656354253,-0.06317051440693058,0.6720751523971558,-0.10638159012577725,0.9161638262704472,1.0,1.0
P3xhybrid,A3_k6,25,0.5677474203356556,0.5681650593415299,0.00041763900587427294,-0.030826015113529826,0.03166129312527837,0.005517693546404605,0.726079693761684,0.009292009394003953,0.9926629648927363,1.0,1.0
P3xhybrid,RQ7_plus_P7,25,0.5677474203356556,0.5724901873725403,0.004742767036884666,-0.028466612931434494,0.03795214700520382,0.058950754725930435,0.892979885505748,0.09927535157401096,0.9217442235535148,1.0,1.0
P3xhybrid,A5_depth3,25,0.5677474203356556,0.5749835175717528,0.007236097236097214,-0.01839652465629193,0.03286871912848636,0.11652784284089111,0.581159697712931,0.19623739543239535,0.8460765265702583,1.0,1.0
P3xhybrid,A9_unweighted,25,0.5677474203356556,0.5819755625637979,0.014228142228142197,-0.015560330661016105,0.0440166151173005,0.19715976974428462,0.5353622103382049,0.33202467972823696,0.7427529098397112,1.0,1.0
P3xspatial,A3_full,25,0.5860840731336087,0.5197304811917814,-0.06635359194182723,-0.11306000528242702,-0.019647178601227437,-0.5864166103653601,0.019237250787199373,-0.9875482584322769,0.33322616785100234,0.25008426023359187,1.0
P3xspatial,A12_residualized,25,0.5860840731336087,0.5400152918976449,-0.0460687812359639,-0.0892866103598487,-0.0028509521120791,-0.44000956668281205,0.04646863371012919,-0.7409931328521246,0.4658864740813885,0.47948281628674505,1.0
P3xspatial,A1_no_graph,25,0.5860840731336087,0.5434354164354164,-0.042648656698192317,-0.08845813291390137,0.003160819517516733,-0.384298221618092,0.04358934693515864,-0.6471730724699575,0.5236623341578024,0.47948281628674505,1.0
P3xspatial,A2_random_graph,25,0.5860840731336087,0.5495164095164096,-0.03656766361719923,-0.07481602202959561,0.0016806947951971546,-0.39464150344906906,0.03458801978380779,-0.6645915592217082,0.5126474034383635,0.4150562374056934,1.0
P3xspatial,RQ7_pswe_edge,25,0.5860840731336087,0.5567012704071527,-0.02938280272645599,-0.06546888629572654,0.006703280842814564,-0.33610255414568524,0.1617462036072297,-0.566009703910696,0.5766417891408433,1.0,1.0
P3xspatial,A5_depth1,25,0.5860840731336087,0.5596644096644097,-0.02641966346919908,-0.07263099723945057,0.019791670301052416,-0.23599191360227895,0.28178185385253984,-0.397419512276144,0.6945706923921507,1.0,1.0
P3xspatial,RQ7_plus_P7,25,0.5860840731336087,0.5616799272279148,-0.024404145905693907,-0.059478592648914946,0.010670300837527128,-0.2872044254967856,0.13527916309352314,-0.483663363554252,0.63300850999424,1.0,1.0
P3xspatial,A6_gat,25,0.5860840731336087,0.5637815604874429,-0.022302512646165906,-0.06937798859904552,0.024772963306713715,-0.19555882479950532,0.5184309864979648,-0.3293286265058057,0.7447641698685245,1.0,1.0
P3xspatial,A3_k3,25,0.5860840731336087,0.5644176629470747,-0.021666410186534025,-0.047272520607100466,0.003939700234032412,-0.34927032716155154,0.14101212306934618,-0.5881847430883014,0.5619030027040881,1.0,1.0
P3xspatial,A5_depth3,25,0.5860840731336087,0.5758727394609747,-0.010211333672633983,-0.04219862089325109,0.02177595354798313,-0.1317720801635798,0.7672279292125377,-0.22190928083443073,0.8262619373579674,1.0,1.0
P3xspatial,A3_k6,25,0.5860840731336087,0.5770255527066673,-0.009058520426941472,-0.03295285507808937,0.01483581422420643,-0.15648786670646536,0.5007676632829241,-0.2635316215471254,0.794390327736285,1.0,1.0
P3xspatial,A4_binary,25,0.5860840731336087,0.580175426224962,-0.005908646908646906,-0.0200732440925482,0.008255950275254387,-0.17218771134253216,0.3969168027100821,-0.2899707672908745,0.7743291738310717,1.0,1.0
P3xspatial,A9_unweighted,25,0.5860840731336087,0.5930789167259757,0.006994843592366802,-0.030427126625162816,0.04441681380989642,0.07715599977863401,0.82941621010867,0.1299336885452794,0.8977017837696211,1.0,1.0
