a,b,mean_diff,cohens_d,wilcoxon_p,rank_biserial,nb_t,nb_p,wilcoxon_p_holm,nb_p_holm
P1,P2,0.08591804961464407,0.642110919094502,0.0027848482131958008,0.6615384615384615,1.0813396289662494,0.2902923252789956,0.03620302677154541,1.0
P1,P3,-0.05451099712503219,-0.5557914819516016,0.0050716400146484375,-0.6246153846153846,-0.9359743573955566,0.35860968415486516,0.05578804016113281,1.0
P1,P4,0.1172618856891303,0.922996615701095,0.00012022256851196289,0.8153846153846154,1.5543620086180714,0.1331871863885576,0.002043783664703369,1.0
P1,P5,0.04381202385123957,0.36632385725882183,0.09031611680984497,0.39076923076923076,0.616903547518464,0.543106918573067,0.45158058404922485,1.0
P1,P6,-0.01235999149724638,-0.10513600137874317,0.5424043536186218,-0.14461538461538462,-0.17705309369634523,0.860952407343154,0.9815719127655029,1.0
P1,P7,0.0853181172685817,0.7301266944290761,0.0004894733428955078,0.7538461538461538,1.2295615996776024,0.2307795152447304,0.006852626800537109,1.0
P2,P3,-0.14042904673967627,-1.1788111955001814,2.664327621459961e-05,-0.8707692307692307,-1.985163657644989,0.05866833201479862,0.0005062222480773926,1.0
P2,P4,0.031343836074486243,0.22021322737802235,0.23036134243011475,0.28,0.37084759424775515,0.7140043475384732,0.8008646965026855,1.0
P2,P5,-0.0421060257634045,-0.425909746472876,0.055070459842681885,-0.44,-0.7172484901417906,0.48014393149852963,0.3854932188987732,1.0
P2,P6,-0.09827804111189044,-0.8980460329368788,0.00016230344772338867,-0.803076923076923,-1.5123442619851433,0.14350373158405963,0.0025968551635742188,1.0
P2,P7,-0.0005999323460623596,-0.004796738669967973,0.49078595638275146,-0.16307692307692306,-0.008077893490653836,0.9936216158835749,0.9815719127655029,1.0
P3,P4,0.1717728828141625,1.4277521527023023,3.2782554626464844e-06,0.9323076923076923,2.4043898603002143,0.024275372585924125,6.556510925292969e-05,0.5097828243044066
P3,P5,0.09832302097627175,0.8933211409057146,0.0003764033317565918,0.7661538461538462,1.504387361013751,0.14552901007406976,0.005646049976348877,1.0
P3,P6,0.04215100562778581,0.4216287503055631,0.023649930953979492,0.5138461538461538,0.7100391269780307,0.48452238655065716,0.23649930953979492,1.0
P3,P7,0.13982911439361387,1.3736352243652683,2.562999725341797e-06,0.9384615384615385,2.313254859370337,0.029592950103052486,5.3822994232177734e-05,0.5918590020610497
P4,P5,-0.07344986183789075,-0.4812047934128088,0.04215019941329956,-0.4646153846153846,-0.8103674883765777,0.42569190924610933,0.35404837131500244,1.0
P4,P6,-0.1296218771863767,-1.0038844511546385,0.000102996826171875,-0.8215384615384616,-1.6905802528126461,0.10386562145742542,0.00185394287109375,1.0
P4,P7,-0.0319437684205486,-0.28081329614790107,0.2002161741256714,-0.29846153846153844,-0.47290045447844326,0.6405567836274,0.8008646965026855,1.0
P5,P6,-0.05617201534848595,-0.4544270407930234,0.03933870792388916,-0.4707692307692308,-0.7652727170195323,0.45156962842245807,0.35404837131500244,1.0
P5,P7,0.04150609341734215,0.4114915313030075,0.0626264214515686,0.4276923076923077,0.6929676580012513,0.494981612988625,0.3854932188987732,1.0
P6,P7,0.0976781087658281,0.7080363187222706,0.0027848482131958008,0.6615384615384615,1.1923605523815874,0.2447762470089559,0.03620302677154541,1.0
