subject,n_events,duration_s,rate_per_min,time_fraction,rejected_fraction,rel_delta_theta,group,label,age,sex_male,mmse
sub-001,459,599.796875,2.416607596047456,0.34747403626122164,0.0,0.746728,A,0,57,0,16
sub-002,4,793.1015625,0.01592681132483385,0.002126528442317916,0.0,0.36860564,A,0,78,0,22
sub-003,11,307.1015625,0.11311190285872662,0.01393188854489164,0.0,0.53942144,A,0,70,1,14
sub-004,492,707.1015625,2.197257498672711,0.30341434322349786,0.0,0.7921896,A,0,67,0,20
sub-005,248,804.1015625,0.9739539521624074,0.1197483122501147,0.0,0.72041404,A,0,70,1,22
sub-006,5,637.1015625,0.024783291414719334,0.002399867593512082,0.0,0.29737234,A,0,61,0,14
sub-007,644,769.1015625,2.644233622300456,0.47443804824561403,0.0,0.7829311,A,0,79,0,20
sub-008,512,799.1015625,2.0233249203078087,0.8481730642395462,0.0,0.88977116,A,0,62,1,16
sub-009,6,613.6015625,0.03087894421887596,0.0027519779841761265,0.0,0.4504851,A,0,77,0,23
sub-010,66,1291.1015625,0.16142885942141283,0.016891064871481027,0.0,0.42169854,A,0,69,1,20
sub-011,101,771.6015625,0.4133575979131751,0.059125085440874914,0.0,0.6580316,A,0,71,1,22
sub-012,291,898.296875,1.0229884952244241,0.17203543976999355,0.0,0.7761137,A,0,63,1,18
sub-013,732,840.1015625,2.7515470159221627,0.47920456684022333,0.0,0.797334,A,0,64,0,20
sub-014,795,945.203125,2.6560706893446566,0.5353479036574487,0.0,0.8006111,A,0,77,1,14
sub-015,15,910.1015625,0.05204740108621842,0.004921544786057553,0.0,0.3975633,A,0,61,1,18
sub-016,876,985.1015625,2.8081528796414674,0.540543431750107,0.0,0.8433658,A,0,68,0,14
sub-017,820,847.1015625,3.0568633075925016,0.6158392434988179,0.0,0.84017044,A,0,61,0,6
sub-018,69,847.1015625,0.2572238636876617,0.02644021401020281,0.0,0.6162884,A,0,73,0,23
sub-019,33,920.296875,0.11323577113720991,0.011053204283832541,0.0,0.56246316,A,0,62,0,14
sub-020,456,869.296875,1.6565111889997304,0.2307179238418627,0.0,0.79013807,A,0,71,1,4
sub-021,6,923.296875,0.020521425918454052,0.002397533965064505,0.0,0.43290618,A,0,79,1,22
sub-022,641,823.6015625,2.4577545969818257,0.48949929568446665,0.0,0.8123292,A,0,68,0,20
sub-023,71,862.6015625,0.25992362646084294,0.038510911424903725,0.0,0.5198131,A,0,60,1,16
sub-024,320,767.5,1.316646665523744,0.15981860656864091,0.0,0.7713532,A,0,69,0,20
sub-025,11,698.3984375,0.04973785770427523,0.0044551838707241566,0.0,0.3248609,A,0,79,0,20
sub-026,501,917.3984375,1.7245563088915712,0.2073086646747874,0.0,0.6448588,A,0,61,0,18
sub-027,464,830.8984375,1.7634684237744003,0.7217319535267602,0.0,0.8242457,A,0,67,0,16
sub-028,383,826.5,1.4633680389722037,0.1607017543859649,0.0,0.77937126,A,0,49,1,20
sub-029,703,740.703125,2.997152199135112,0.5611423687771526,0.0,0.8705865,A,0,53,0,16
sub-030,501,557.1015625,2.839886601750277,0.791082923135176,0.0,0.9002218,A,0,56,0,20
sub-031,89,1156.796875,0.24295763383605903,0.026566416040100252,0.0,0.48976544,A,0,67,0,22
sub-032,31,854.8984375,0.1145103705282012,0.010304189547726291,0.0,0.6236929,A,0,59,0,20
sub-033,0,707.1015625,0.0,0.0,0.0,0.39671025,A,0,72,0,20
sub-034,181,970.8984375,0.5887113680398945,0.07435772092770626,0.0,0.6759471,A,0,75,0,18
sub-035,608,757.1015625,2.5359873695941553,0.3512949039264829,0.0,0.7950513,A,0,57,0,22
sub-036,1,853.1015625,0.003701663290344876,0.000308870768470472,0.0,0.3273239,A,0,58,0,9
sub-037,24,777.1015625,0.09752840213110564,0.009834508952794358,0.0,0.4109887,C,2,57,1,30
sub-038,86,894.1015625,0.3037450763524653,0.03724877703777922,0.0,0.5637908,C,2,62,1,30
sub-039,60,857.1015625,0.2210632817630948,0.02336448598130841,0.0,0.29304332,C,2,70,1,30
sub-040,298,1017.1015625,0.925229757061697,0.1421985080812267,0.0,0.6172876,C,2,61,1,30
sub-041,17,887.1015625,0.060516419760353865,0.006237376737554949,0.0,0.3178074,C,2,77,0,30
sub-042,127,975.1015625,0.4112931893481069,0.09499621744299146,0.0,0.47367844,C,2,74,1,30
sub-043,371,829.1015625,1.4130704854007812,0.2383676582761251,0.0,0.7038819,C,2,72,1,30
sub-044,23,881.6015625,0.08238594625604287,0.007954545454545454,0.0,0.36939785,C,2,64,0,30
sub-045,291,862.703125,1.0651953630294924,0.1429793997188092,0.0,0.6763397,C,2,70,0,30
sub-046,25,758.3984375,0.1040974829553926,0.012375721337690328,0.0,0.41536942,C,2,63,1,30
sub-047,43,808.0,0.16805627931214173,0.020152612013304635,0.0,0.3746545,C,2,70,0,30
sub-048,88,1013.3984375,0.2742206091492077,0.05746827543166216,0.0,0.46485546,C,2,65,1,30
sub-049,12,784.203125,0.04832260371584882,0.004436378302077031,0.0,0.3379433,C,2,62,0,30
sub-050,36,826.703125,0.13751515760426788,0.01492822966507177,0.0,0.5526335,C,2,68,1,30
sub-051,150,787.296875,0.6016589492068234,0.0707780902638275,0.0,0.5746114,C,2,75,0,30
sub-052,163,761.1015625,0.6763050655348815,0.10193905817174516,0.0,0.39959025,C,2,73,0,30
sub-053,48,799.296875,0.18964036030845366,0.032185727476586205,0.0,0.42220604,C,2,70,1,30
sub-054,13,842.296875,0.048738909994112664,0.005319481819888604,0.0,0.34395728,C,2,78,1,30
sub-055,21,824.0,0.08048032703117017,0.00735435185777323,0.0,0.40453818,C,2,67,1,30
sub-056,2,885.3984375,0.00713327379650386,0.0006549178375803762,0.0,0.24516602,C,2,64,0,30
sub-057,6,796.5,0.023788284269997025,0.0023171135385633896,0.0,0.416757,C,2,64,1,30
sub-058,0,762.796875,0.0,0.0,0.0,0.23767929,C,2,62,1,30
sub-059,3,789.796875,0.011995089510231748,0.0012690355329949238,0.0,0.43095055,C,2,77,1,30
sub-060,140,751.5,0.5882970900304654,0.07073684210526315,0.0,0.61232245,C,2,71,0,30
sub-061,106,807.296875,0.4146390906136768,0.04473031213268904,0.0,0.45686442,C,2,63,0,30
sub-062,9,912.1015625,0.0311599648548776,0.0027731238084233636,0.0,0.54023,C,2,67,1,30
sub-063,115,809.296875,0.4487326047525416,0.051393955184992186,0.0,0.48585048,C,2,66,1,30
sub-064,2,849.1015625,0.007438202628068076,0.0007447864945382324,0.0,0.2509902,C,2,66,1,30
sub-065,36,884.1015625,0.12858727475251555,0.014484115157656316,0.0,0.5063646,C,2,71,0,30
sub-066,326,551.1015625,1.8680289700875714,0.2155023923444976,0.0,0.78342915,F,1,73,1,20
sub-067,21,643.1015625,0.10311868815228421,0.009837678307919331,0.0,0.36426872,F,1,66,1,24
sub-068,23,574.1015625,0.12651346676550532,0.014420868926242307,0.0,0.4393796,F,1,78,1,25
sub-069,15,637.1015625,0.07434987424415801,0.007116848725587554,0.0,0.6968375,F,1,70,1,22
sub-070,6,479.1015625,0.03954770742592314,0.0041841004184100415,0.0,0.51652366,F,1,67,0,22
sub-071,3,623.6015625,0.015191886583071728,0.0013538669825689626,0.0,0.3818761,F,1,62,1,20
sub-072,721,661.1015625,3.4440125911261297,0.5318979266347688,0.0,0.86933804,F,1,65,1,18
sub-073,68,857.6015625,0.25039231677619894,0.028713723561239548,0.0,0.54314953,F,1,57,0,22
sub-074,265,1026.8984375,0.8149219773870363,0.1096790757381258,0.0,0.6721115,F,1,53,0,20
sub-075,0,751.203125,0.0,0.0,0.0,0.30965823,F,1,71,0,22
sub-076,39,818.796875,0.1504132447218269,0.024930747922437674,0.0,0.42426148,F,1,44,1,24
sub-077,69,704.5,0.3092899032535206,0.033166130119038705,0.0,0.5933303,F,1,61,1,22
sub-078,223,875.6015625,0.8042591019426024,0.11899313501144165,0.0,0.6693457,F,1,62,1,22
sub-079,26,824.3984375,0.09959415183619236,0.009528681972245316,0.0,0.46788588,F,1,60,0,18
sub-080,26,930.8984375,0.08820002252704902,0.00906464222990199,0.0,0.22777218,F,1,71,0,20
sub-081,219,829.5,0.8337298943561436,0.10437325197050598,0.0,0.67968935,F,1,61,0,18
sub-082,38,777.6015625,0.15432067756422493,0.01885512750949539,0.0,0.45260042,F,1,63,1,27
sub-083,113,913.203125,0.3907587430377638,0.059441366574330565,0.0,0.5957732,F,1,68,0,20
sub-084,379,652.1015625,1.83536150515382,0.2320316921335597,0.0,0.7806589,F,1,71,0,24
sub-085,387,566.1015625,2.158809203353673,0.3184909175593852,0.0,0.7524565,F,1,64,1,26
sub-086,510,655.6015625,2.456562656208547,0.45404796394656366,0.0,0.9375737,F,1,49,1,26
sub-087,342,606.1015625,1.781879583918743,0.22018268812527186,0.0,0.6979902,F,1,73,1,24
sub-088,4,794.1015625,0.015906754933967808,0.001791995752306365,0.0,0.44068682,F,1,55,1,24
