representation,model,macro_f1,sd,n
P1,rf,0.5879193663806668,0.11682573725099503,25
P1,lr,0.5636354473413298,0.09605444157794057,25
P1,svm_rbf,0.559899994169344,0.1082852374722916,25
P1,GCN (spatial),0.5597754523884555,0.10262371395649278,25
P2,GCN (functional),0.454865354688884,0.10762855678085315,25
P2,svm_rbf,0.43465901911412735,0.08864255046998801,25
P2,rf,0.4183167898492976,0.054955844676138836,25
P2,lr,0.41746745846745836,0.08191610617164392,25
P3,GCN (spatial),0.5860840731336087,0.11156861595840867,25
P3,rf,0.5808341552954556,0.0917668133755073,25
P3,svm_rbf,0.5430005017342479,0.12241335383163429,25
P3,lr,0.4655057709175356,0.12615898107096798,25
P4,rf,0.48747887280704616,0.12290529801948118,25
P4,svm_rbf,0.48252224360893087,0.10337802437905075,25
P4,GCN (spatial),0.4562013716131363,0.09938522321725997,25
P4,lr,0.4463791372026666,0.11150898593810646,25
P5,GCN (functional),0.5035470542529366,0.08667236691552677,25
P6,svm_rbf,0.5792198094303358,0.0976963590849367,25
P6,rf,0.5778017037428803,0.1180132333777307,25
P6,GCN (functional),0.5561936190171485,0.09907020597610577,25
P6,lr,0.5137538358900587,0.1182015737272237,25
P7,rf,0.5022985968280086,0.07726515877474864,25
P7,svm_rbf,0.4729157850520079,0.08786709333657552,25
P7,lr,0.45610818810818815,0.06566094294323435,25
P7,GCN (spatial),0.4538494368834926,0.08240864551501859,25
age+sex,demographics_lr,0.4112682989525095,0.11993005297876709,25
age+sex,chance_stratified,0.3024423811482635,0.11033123339279903,25
