pipeline,edge,n_runs,macro_f1_mean,macro_f1_sd,balanced_acc_mean,balanced_acc_sd,accuracy_mean,accuracy_sd,kappa_mean,kappa_sd,roc_auc_mean,roc_auc_sd,pr_auc_mean,pr_auc_sd,brier_mean,brier_sd,ece_mean,ece_sd,sens_0_mean,sens_0_sd,spec_0_mean,spec_0_sd,sens_1_mean,sens_1_sd,spec_1_mean,spec_1_sd,sens_2_mean,sens_2_sd,spec_2_mean,spec_2_sd,window_macro_f1_mean,window_macro_f1_sd,macro_f1_t_ci,macro_f1_boot_ci,seconds_mean
P3,spatial,25,0.5860840731336087,0.11156861595840867,0.5936031746031746,0.11244844987846898,0.6142483660130719,0.11647427427542388,0.4093162668581407,0.1728159145557455,0.7492111962111961,0.0839478122364032,0.6812201988720895,0.10356714093177229,0.5579807207853732,0.11868536201229668,0.2645190081008297,0.055725224506007455,0.6421428571428572,0.1645927513881575,0.7745454545454545,0.11381803659589926,0.368,0.17962924780409975,0.8523076923076922,0.12932841244018967,0.7706666666666666,0.21044925490219465,0.7856643356643356,0.12215113444233744,0.5091159614882929,0.06616843372149421,"[np.float64(0.5400308119337309), np.float64(0.6321373343334864)]","[0.5380757559072523, 0.6283830808740073]",18.8247198677063
P3,hybrid,25,0.5677474203356556,0.10304518970607525,0.5778571428571428,0.10276239134281567,0.5983006535947714,0.10332053073668519,0.38362592868737033,0.15634968979489808,0.734887038887039,0.09038949142241096,0.6589625402375403,0.10940199344884481,0.5821024120346353,0.13961187957662624,0.26578349893072106,0.0796648221838698,0.6435714285714286,0.14953513567961574,0.7556363636363637,0.11416000563705465,0.35400000000000004,0.17965244223221682,0.8553846153846153,0.10490908997681427,0.7360000000000001,0.1960064246868416,0.7762237762237763,0.12149604303002137,0.49750239584821077,0.07538847020713924,"[np.float64(0.5252124565722446), np.float64(0.6102823840990667)]","[0.5217209265391063, 0.6136016043160518]",17.783387231826783
P1,spatial,25,0.5597754523884555,0.10262371395649278,0.5751111111111111,0.09731622169999658,0.596078431372549,0.09300816647554057,0.3775283910424359,0.14712861692432622,0.7203728863728864,0.07956704048119058,0.6332886217579494,0.09381970557947121,0.5932325763282451,0.11429768059359424,0.2633781664184644,0.0946580542269437,0.62,0.15614537313356555,0.7781818181818183,0.1443137078762504,0.35600000000000004,0.2142428528562855,0.8738461538461537,0.10146850737133015,0.7493333333333334,0.19979619245250527,0.7294405594405595,0.14968472904471397,0.5088733727635208,0.07100978087674639,"[np.float64(0.5174144652637094), np.float64(0.6021364395132016)]","[0.5188211072951096, 0.6158225009251037]",15.217164859771728
P6,functional,25,0.5561936190171485,0.09907020597610577,0.5711904761904761,0.09445444791626564,0.5874509803921569,0.09130015583702229,0.36980724310673835,0.13912914894507192,0.7308081733081733,0.07919631427663855,0.6523343250586947,0.08654419333940765,0.6046335175114058,0.13124933369786215,0.260860184177203,0.06542941468352365,0.5935714285714285,0.12765879800265628,0.8003636363636363,0.1313859161142017,0.34,0.20463381929681124,0.8369230769230769,0.11173722343333808,0.78,0.16499158227686112,0.7383916083916084,0.13514222647015064,0.515643096265028,0.0613024548460733,"[np.float64(0.5152994478942932), np.float64(0.5970877901400038)]","[0.506028636226132, 0.5992549673733955]",12.035134906768798
P3,functional,25,0.5532488165429341,0.10612713755417648,0.5601428571428572,0.10953627430795164,0.5827450980392157,0.10492656102597367,0.3593883577184993,0.16019546035199453,0.7237890627890627,0.087775046583797,0.6462599840894658,0.10217066286860976,0.5975857179852063,0.13411620065739185,0.25615319988778634,0.08109149508646418,0.6364285714285715,0.12466792625505044,0.7632727272727274,0.129138915529488,0.336,0.18000000000000002,0.8430769230769231,0.11640573808016584,0.708,0.19983326383095817,0.7594638694638696,0.12460774627179717,0.49134385915857204,0.06718874154275484,"[np.float64(0.5094416872333813), np.float64(0.5970559458524869)]","[0.5034096782981902, 0.5974664092824596]",18.135118789672852
P1,functional,25,0.5508562753609193,0.10031242614167767,0.5648412698412698,0.09711979000863354,0.5844444444444444,0.09355998550270078,0.3627578234771613,0.14375256646800713,0.723560125060125,0.08959293078741118,0.6336790484388524,0.10524404068467619,0.5783952963258542,0.10497608203185933,0.23822214945293904,0.08467357425334707,0.6078571428571428,0.1658793051515198,0.7927272727272726,0.1324436571303042,0.36400000000000005,0.2153098542411223,0.8338461538461539,0.11682857179378991,0.7226666666666667,0.21703387685728626,0.7419580419580418,0.1395505144011508,0.5150993224422634,0.06855481690950839,"[np.float64(0.5094493409554742), np.float64(0.5922632097663644)]","[0.5072353272221675, 0.6030183085653851]",11.406532068252563
P1,hybrid,25,0.5450874711803504,0.11688435935173612,0.5608253968253969,0.11205461560090706,0.5822222222222222,0.10539186130913955,0.35700909092744093,0.16559642703771738,0.7167764087764087,0.08348732121647418,0.6285921386788333,0.09772473860324835,0.5991120460139103,0.12392950569147315,0.2463801534044088,0.09257218256539403,0.6071428571428571,0.1523972275534775,0.7814545454545454,0.15979239285844304,0.338,0.2180787319601188,0.8553846153846153,0.10950849489262884,0.7373333333333334,0.22180238117814763,0.7258041958041958,0.15010834930690034,0.5079351890166766,0.07624538868178798,"[np.float64(0.4968399789517782), np.float64(0.5933349634089226)]","[0.5040652417702193, 0.600086057592086]",14.624073219299316
P6,spatial,25,0.5401878774819951,0.09363345471960845,0.5584761904761905,0.08864332991653417,0.5730718954248366,0.08591457067889582,0.34909286029780906,0.1307548030181965,0.7376871461871461,0.06608193746449416,0.6567512286836517,0.07396814667350589,0.5889609361415001,0.11362582152902918,0.2484434019214986,0.07666503787557935,0.5814285714285714,0.1384245355448821,0.7854545454545455,0.11794848761229432,0.3459999999999999,0.2155032869045544,0.8184615384615386,0.13666931252550185,0.748,0.18784351249160877,0.751165501165501,0.11963620143560048,0.5163809796009029,0.056226532192985346,"[np.float64(0.5015378869787827), np.float64(0.5788378679852076)]","[0.49614422134111347, 0.5890161182157254]",10.632520875930787
P6,hybrid,25,0.5324139172374466,0.09906441948671155,0.5535714285714285,0.09232020118763336,0.5683660130718955,0.08968549240275406,0.34167618536551764,0.13653784483279202,0.7237162097162099,0.07551308749805093,0.6414231223517638,0.08313870718487781,0.6167505863901162,0.12424855488631864,0.26899891239179263,0.08850941084819573,0.5807142857142857,0.15012395671894735,0.7778181818181816,0.1478281706714831,0.34,0.22776083947860748,0.8215384615384616,0.11261636541537308,0.7400000000000001,0.1931704294523746,0.7481351981351981,0.11661250272818835,0.5073203252541582,0.05615755328035958,"[np.float64(0.4915221346600188), np.float64(0.5733056998148743)]","[0.49019850347766253, 0.5849250405344885]",11.365191116333008
P5,functional,25,0.5035470542529366,0.08667236691552677,0.5278730158730159,0.08662316666617183,0.5563398692810457,0.08710483778774955,0.3201005279643042,0.1278405452263938,0.6974679394679394,0.06512812999209586,0.5944724721149791,0.06767612317324313,0.5955024381161377,0.07806053319673145,0.1952781837444748,0.0747436270568811,0.6042857142857142,0.20507744928217153,0.7647272727272728,0.11391843778914616,0.226,0.18714967272212898,0.8215384615384614,0.12105714496526027,0.7533333333333334,0.190029237516523,0.7418648018648019,0.12269984773390702,0.43487594630247023,0.030068943602102733,"[np.float64(0.4677704595709662), np.float64(0.5393236489349069)]","[0.46859773987198555, 0.5559846972368874]",28.56046269416809
P5,spatial,25,0.4940575047014676,0.09716571832157805,0.5259047619047619,0.09201134549886934,0.5594771241830065,0.09110362462717252,0.31833361303721897,0.14021081498474272,0.7057973692973694,0.07199844966203493,0.6027568077010654,0.07916437591695315,0.593702171760856,0.07548603099722309,0.22361118127929885,0.08710826355357441,0.6457142857142857,0.1725687529357384,0.7498181818181817,0.1603010253641017,0.188,0.19962464777677133,0.8553846153846155,0.11606636202826952,0.7440000000000001,0.18824727630708774,0.7209557109557109,0.13143186335285914,0.43855241353195035,0.03282108687893553,"[np.float64(0.45394946744477593), np.float64(0.5341655419581592)]","[0.4575499799733159, 0.5442287518603453]",27.14169132232666
P5,hybrid,25,0.47039065509653755,0.0855799725341052,0.49611111111111117,0.09116417566400847,0.5286274509803922,0.08969223995537152,0.2752930397779281,0.13125700129032766,0.687378417878418,0.05350068183794367,0.587699343163839,0.06004174995367977,0.6000990128559301,0.07064691936200619,0.2109634505441157,0.07688692281432245,0.585,0.1813972835788781,0.7472727272727272,0.13189652844133554,0.14600000000000002,0.14427982071886097,0.8123076923076924,0.125771779163392,0.7573333333333333,0.1725409237554105,0.7237762237762236,0.13867913045915822,0.4341622537984534,0.030900262329427133,"[np.float64(0.43506497865307653), np.float64(0.5057163315399986)]","[0.43488756914909593, 0.514342519556132]",26.3671995639801
P4,spatial,25,0.4562013716131363,0.09938522321725997,0.474015873015873,0.08908686852512551,0.4871895424836601,0.08306548436065368,0.2171657416913363,0.12632564394352752,0.6107751692751693,0.0951588293235725,0.5334886242712573,0.10108840111423642,0.6767909347286317,0.09217871588376936,0.21190030069235471,0.09054208705420787,0.5007142857142857,0.15909234472362233,0.7203636363636364,0.16351594896137284,0.308,0.20599352740640503,0.8123076923076923,0.13702963298346038,0.6133333333333333,0.19507833184532708,0.6872960372960374,0.13823887100283805,0.41194190272722514,0.05883172641133566,"[np.float64(0.41517716776409974), np.float64(0.49722557546217283)]","[0.4178832827481364, 0.511388597162999]",16.16688422203064
P2,functional,25,0.454865354688884,0.10762855678085315,0.4774285714285714,0.10403912070435936,0.47450980392156866,0.1018460264199178,0.21508040501638917,0.14471217301895523,0.660483238983239,0.08131926302018032,0.5573241246239495,0.08690917920255943,0.6261863946169652,0.04086836544898877,0.179498365663734,0.07235852022728724,0.39428571428571424,0.20625579769216826,0.7458181818181818,0.15853756583098635,0.37800000000000006,0.2570181575946208,0.7015384615384616,0.15752023131700177,0.66,0.151840559652405,0.7706993006993007,0.11998261357448096,0.400873433241517,0.035598394115113,"[np.float64(0.4104384699828635), np.float64(0.4992922393949045)]","[0.41779534516078093, 0.506784705286823]",16.910441198348998
P2,spatial,25,0.45396837837085513,0.10162237603956498,0.4832222222222222,0.10073951020629236,0.4837908496732026,0.10352516166096305,0.22539005477886703,0.14827869768571703,0.6530144115144115,0.08071037543125052,0.5522854224686508,0.08650693391983766,0.6287888895869957,0.03795362061057372,0.18752567487990987,0.06740964959220457,0.405,0.23609952285821661,0.7414545454545454,0.15543593721695254,0.338,0.25991985944389345,0.7384615384615385,0.16166051555023708,0.7066666666666667,0.16499158227686112,0.7472727272727272,0.12048473643992541,0.3994169199742549,0.033920714474807254,"[np.float64(0.4120207232233991), np.float64(0.49591603351831115)]","[0.4202525796576812, 0.5091492314592593]",16.02117190361023
P7,spatial,25,0.4538494368834926,0.08240864551501859,0.47212698412698406,0.07397515125550864,0.48928104575163395,0.07880787446111345,0.22487732249522183,0.11394846460632642,0.6617553002553003,0.05573851390574629,0.5820739506732504,0.06077007722340936,0.619531405349003,0.05519488550900516,0.20327000683675897,0.07695213253896525,0.47571428571428576,0.17819006897207298,0.7967272727272727,0.11096496357182238,0.262,0.1609088769044973,0.7723076923076924,0.13039161164196023,0.6786666666666666,0.18926759422104522,0.6643589743589743,0.15368911733529747,0.4371160084013811,0.050001470746539,"[np.float64(0.41983281989466054), np.float64(0.4878660538723247)]","[0.4146941920907365, 0.5036809403736208]",12.283271484375
P2,hybrid,25,0.45145896186143863,0.0898925233237423,0.4785873015873016,0.09462028726035918,0.48130718954248364,0.09779162636541516,0.22188502624002443,0.13760607641374928,0.6592275687275688,0.07527555774584362,0.5498533476793981,0.08001062226748762,0.6279700452690848,0.03723416992865927,0.1736531295029781,0.07301904621678368,0.4264285714285714,0.2160960237871087,0.7450909090909091,0.14508665597168763,0.32800000000000007,0.2646066262712759,0.7230769230769231,0.15384615384615385,0.6813333333333332,0.17053293371510816,0.7575757575757575,0.11949063508980827,0.4005132261795978,0.033493668290473864,"[np.float64(0.41435315194364164), np.float64(0.48856477177923563)]","[0.41852123339310066, 0.5074257091505977]",15.850129852294922
P7,hybrid,25,0.44501872350788757,0.0842184063078758,0.46626984126984117,0.07097639429467482,0.48705882352941166,0.07403890296636445,0.21762030712027414,0.10654141167802998,0.6699328079328079,0.06017517741696719,0.5876813373160712,0.06508919422502724,0.6130964012175105,0.05666697661213008,0.19318875173039168,0.05819415405801916,0.49214285714285716,0.18262366511825484,0.7807272727272726,0.116636753347326,0.228,0.16013015539449982,0.803076923076923,0.1333826338834867,0.6786666666666666,0.17661424798863937,0.6414918414918414,0.16041870358162982,0.44185259601921717,0.04813330537309052,"[np.float64(0.41025507397960176), np.float64(0.4797823730361734)]","[0.4043025872642307, 0.4951107109135842]",11.477077465057373
P7,functional,25,0.4435119564531329,0.08481000977362578,0.46679365079365076,0.07467083993731859,0.48679738562091496,0.07923000258907786,0.21967287037744287,0.11145457832595952,0.6661064306064307,0.05328560982726217,0.5839683449370424,0.05442556619798984,0.6152484635744568,0.05625437034997025,0.17914926887521015,0.07551426782361777,0.48571428571428577,0.17819901642765124,0.7887272727272727,0.11041743983304335,0.228,0.16588148379691647,0.7815384615384615,0.12887007049363142,0.6866666666666668,0.17743021580745905,0.6579487179487178,0.14856697043173353,0.4385590795862584,0.04712548206294464,"[np.float64(0.40850410501644396), np.float64(0.47851980788982185)]","[0.40718470709617416, 0.49765071276794276]",10.522183809280396
P4,hybrid,25,0.42982141823318293,0.10399922740340728,0.4497460317460317,0.09785983552554689,0.4620915032679738,0.09183820585879998,0.18153258290477192,0.1398806972586743,0.6081893661893661,0.10639848937742306,0.5282929143491117,0.1016122457697407,0.6765777695988804,0.08497237751741879,0.2118799154809796,0.0782119917554831,0.47857142857142854,0.17374427999198125,0.7170909090909092,0.1398129407537223,0.292,0.2289832599412746,0.7815384615384616,0.1189201910287716,0.5786666666666667,0.19764352497100166,0.6870396270396272,0.12958891980054216,0.40171472372942113,0.06080554979684798,"[np.float64(0.3868926470635194), np.float64(0.47275018940284647)]","[0.3942863857676245, 0.4877653921201542]",15.413128204345703
P4,functional,25,0.41751753692930166,0.10272248214807657,0.4355555555555556,0.09979843158253585,0.450718954248366,0.0989064763536252,0.16276121757793263,0.14813531439796823,0.6228038073038074,0.09274171312575351,0.540899432580595,0.09106750769962592,0.668049928208614,0.08737514071400271,0.2243501235595882,0.08509904958895693,0.49000000000000005,0.16080354664075325,0.7156363636363636,0.13892840576489268,0.258,0.205993527406405,0.7907692307692308,0.14479802977944103,0.5586666666666666,0.21842873233874502,0.6608857808857809,0.1472386283884199,0.40154420069658836,0.05735953091938807,"[np.float64(0.3751157802988466), np.float64(0.4599192935597567)]","[0.38184122878114324, 0.4730975023665094]",17.52392903327942
