a,b,diff,se,t,p,p_holm
P1,P2,0.06357596420581124,0.015621798505116932,4.069695572183119,5.129740394305585e-05,0.0006923571900150728
P1,P3,-0.05289144519015965,0.015621798505116897,-3.38574621691831,0.0007412030091370253,0.007848821098692822
P1,P4,0.010519463087245051,0.0156217985051169,0.6733836109715161,0.5008796801419297,1.0
P1,P5,-0.00013558389262002812,0.01562179850511694,-0.008679147447434907,0.9930770918416809,1.0
P1,P6,-0.07780481879195333,0.015621798505116934,-4.9805288915017245,7.628648328574309e-07,1.2205837325718894e-05
P1,P7,0.04114269798657344,0.015621798505116899,2.6336722991976376,0.008594613711391792,0.06703319628041929
P2,P3,-0.11646740939597089,0.015621798505116911,-7.455441789101432,2.1397977306487362e-13,4.065615688232599e-12
P2,P4,-0.05305650111856619,0.015621798505116915,-3.396311961211608,0.0007135291907902565,0.007848821098692822
P2,P5,-0.06371154809843127,0.015621798505116954,-4.078374719630548,4.945408500107663e-05,0.0006923571900150728
P2,P6,-0.14138078299776458,0.01562179850511695,-9.050224463684833,8.944189952666662e-19,1.8782798900599992e-17
P2,P7,-0.022433266219237802,0.015621798505116928,-1.4360232729854872,0.15135028397596417,0.6054011359038567
P3,P4,0.0634109082774047,0.015621798505116902,4.059129827889825,5.362948700542463e-05,0.0006923571900150728
P3,P5,0.05275586129753962,0.015621798505116935,3.377067069470867,0.000764679023990504,0.007848821098692822
P3,P6,-0.024913373601793687,0.015621798505116918,-1.5947826745834235,0.11111908735355967,0.5555954367677983
P3,P7,0.09403414317673309,0.015621798505116897,6.019418516115948,2.5651256442311283e-09,4.617226159616031e-08
P4,P5,-0.01065504697986508,0.015621798505116937,-0.6820627584189495,0.495378338937449,1.0
P4,P6,-0.08832428187919839,0.015621798505116965,-5.6539125024732275,2.117927903475903e-08,3.600477435909035e-07
P4,P7,0.03062323489932839,0.015621798505116899,1.9602886882261212,0.050276521915506495,0.30165913149303897
P5,P6,-0.0776692348993333,0.01562179850511697,-4.9718497440542775,7.968516663424137e-07,1.2205837325718894e-05
P5,P7,0.04127828187919347,0.015621798505116897,2.6423514466450726,0.008379149535052411,0.06703319628041929
P6,P7,0.11894751677852677,0.01562179850511693,7.614201190699357,6.823067477651578e-14,1.3646134955303156e-12
