factor,level,mean,se,ci_lo,ci_hi
pipeline,P1,0.49196043181814314,0.023319788338357315,0.4461457607608806,0.5377751028754058
pipeline,P2,0.37344202272723076,0.02331978833835727,0.32762735166996826,0.41925669378449326
pipeline,P3,0.5292007727272308,0.023319788338357142,0.48338610166996854,0.575015443784493
pipeline,P4,0.3905566060605638,0.023319788338357218,0.3447419350033014,0.4363712771178262
pipeline,P5,0.4588032045454133,0.02331978833835732,0.41298853348815073,0.5046178756026759
pipeline,P6,0.5247738863635949,0.023319788338357277,0.4789592153063324,0.5705885574208573
pipeline,P7,0.4217825454545015,0.023319788338357194,0.37596787439723917,0.46759721651176384
edge,functional,0.4534231915583999,0.018483907882236125,0.4169356485766499,0.4899107345401499
edge,hybrid,0.45325491233762066,0.018483907882236125,0.41676736935587066,0.48974245531937066
edge,spatial,0.46068738311684154,0.018483907882236122,0.42419984013509154,0.49717492609859154
