subject,rate_per_min,time_fraction,duration_s,n_events,rel_delta_theta,group,label,age,sex_male,mmse
sub-001,0.022423750489059653,0.002631578947368416,281.65625,2,0.44729942,PD,0,80,1,19
sub-002,1.8790128221135114,0.28340080971659914,326.0390625,194,0.8061077,PD,0,81,1,17
sub-003,0.012513482952008837,0.0014678129586915474,252.359375,1,0.57635576,PD,0,68,0,26
sub-004,2.428589008852673,0.32864604258738445,263.9609375,203,0.88915694,PD,0,80,1,22
sub-005,0.3416826088890866,0.035441426146010147,249.5390625,27,0.59389895,PD,0,56,1,21
sub-006,0.072300952715679,0.008066142367412769,262.0625,6,0.3808085,PD,0,69,1,29
sub-007,0.9612459986660792,0.13954002653693054,239.8203125,73,0.69134367,PD,0,66,0,28
sub-008,1.3467848142997685,0.17822453128529475,234.4765625,100,0.73397654,PD,0,65,1,20
sub-009,1.0816614638220032,0.2049861495844875,248.15625,85,0.66207576,PD,0,53,0,18
sub-010,0.03685866286561705,0.0030868961259453527,342.703125,4,0.68746346,PD,0,74,1,25
sub-011,0.08091087951074201,0.007130730050933778,156.1171875,4,0.5414559,PD,0,70,1,25
sub-012,0.0,0.0,120.5625,0,0.4485941,PD,0,69,1,19
sub-013,0.2052872149902435,0.021138912855910262,123.0625,8,0.6183651,PD,0,78,1,16
sub-014,0.0,0.0,125.6015625,0,0.5957476,PD,0,70,0,25
sub-015,0.5750165909438971,0.059265811587792976,120.8203125,22,0.6729787,PD,0,65,1,21
sub-016,0.0,0.0,121.65625,0,0.26727366,PD,0,60,1,26
sub-017,0.034099082699155514,0.0028604118993135,185.21875,2,0.4311923,PD,0,56,1,26
sub-018,1.854367878459034,0.36701754385964913,151.5625,89,0.78281796,PD,0,58,1,29
sub-019,0.10182480300171033,0.012802275960170695,186.078125,6,0.5336582,PD,0,74,0,25
sub-020,0.0,0.0,181.1796875,0,0.5501673,PD,0,72,0,23
sub-021,0.11890876436040089,0.011992005329780132,159.34375,6,0.5446264,PD,0,61,0,27
sub-022,0.3286431435059013,0.03220221606648197,153.7421875,16,0.7077149,PD,0,81,0,20
sub-023,0.0,0.0,169.1015625,0,0.21745951,PD,0,57,1,23
sub-024,0.0,0.0,151.296875,0,0.36858457,PD,0,52,1,26
sub-025,0.6358237937185306,0.06367771280051979,163.8984375,33,0.7616061,PD,0,71,1,11
sub-026,0.0,0.0,142.8203125,0,0.2511725,PD,0,77,0,26
sub-027,0.0,0.0,121.203125,0,0.44578362,PD,0,70,0,28
sub-028,0.8374668542598094,0.09735122119023047,154.6015625,41,0.6954674,PD,0,60,1,24
sub-029,1.2889762442066437,0.14226159458051066,203.34375,83,0.8028289,PD,0,84,1,24
sub-030,0.0,0.0,176.140625,0,0.2757175,PD,0,60,1,26
sub-031,0.052241581033403775,0.005263157894736832,181.34375,3,0.39286798,PD,0,82,1,24
sub-032,0.29162315735228306,0.027368421052631563,151.6015625,14,0.7499441,PD,0,70,1,26
sub-033,0.21636105250637,0.021052631578947344,131.359375,9,0.64248633,PD,0,64,1,18
sub-034,0.0,0.0,174.8984375,0,0.3500774,PD,0,77,1,25
sub-035,0.3587852001104955,0.04111023828227284,202.4375,23,0.5637635,PD,0,57,1,27
sub-036,0.0,0.0,121.71875,0,0.64959604,PD,0,84,0,22
sub-037,0.07301051110526631,0.008634868421052632,129.7578125,3,0.61980283,PD,0,68,0,27
sub-038,0.0,0.0,136.0390625,0,0.58737725,PD,0,65,1,21
sub-039,0.019101674132403452,0.0019255455712451843,165.3203125,1,0.35002482,PD,0,65,1,26
sub-040,2.3686456284079376,0.3881578947368421,137.3203125,103,0.80191547,PD,0,66,1,27
sub-041,0.1258438749426493,0.0109501942776404,150.5625,6,0.6290489,PD,0,67,1,25
sub-042,0.0,0.0,146.65625,0,0.3704678,PD,0,71,1,24
sub-043,0.024058718309373815,0.0024291497975708473,131.2578125,1,0.4502336,PD,0,71,1,23
sub-044,0.022637238256932653,0.001906941266209,139.5,1,0.64041865,PD,0,80,1,17
sub-045,1.1515350405685252,0.18238304093567248,145.34375,53,0.61888564,PD,0,65,1,30
sub-046,0.0,0.0,131.28125,0,0.45526558,PD,0,66,0,29
sub-047,0.0,0.0,130.9375,0,0.49549752,PD,0,68,1,24
sub-048,1.6451276877657102,0.23428825227626024,238.0234375,124,0.70759696,PD,0,70,1,21
sub-049,0.0,0.0,121.65625,0,0.23685403,PD,0,68,0,22
sub-050,0.12688677998361048,0.01711596063329054,124.4375,5,0.53276587,PD,0,68,1,28
sub-051,0.5581966969397631,0.06589644843816858,124.4609375,22,0.6670578,PD,0,70,0,28
sub-052,0.9405853535987942,0.12443900448796408,130.9375,39,0.7053263,PD,0,58,1,23
sub-053,0.0,0.0,126.4375,0,0.44336632,PD,0,66,1,26
sub-054,1.92,0.2877758913412563,125.0,76,0.81587464,PD,0,66,0,25
sub-055,0.3047195825976551,0.0350877192982456,124.359375,12,0.55561733,PD,0,66,1,22
sub-056,0.1361360178442176,0.0156369183829138,139.1796875,6,0.44505745,PD,0,73,0,24
sub-057,2.635947231132134,0.3635627530364372,131.78125,110,0.79026806,PD,0,69,1,27
sub-058,0.02523949586736119,0.0029711375212224103,125.1171875,1,0.398531,PD,0,71,0,29
sub-059,0.16289428233796927,0.015318146111547505,135.703125,7,0.64965415,PD,0,81,1,24
sub-060,0.15086503248256608,0.015607985480943732,146.5234375,7,0.51537615,PD,0,67,1,28
sub-061,0.8084210526315789,0.08828522920203731,125.0,32,0.69125134,PD,0,68,1,27
sub-062,1.0603898878990106,0.132427843803056,125.078125,42,0.83900315,PD,0,62,1,28
sub-063,1.737063025342689,0.198981324278438,156.34375,86,0.82421786,PD,0,75,1,26
sub-064,0.8401920351708294,0.08750000000000001,161.6171875,43,0.8127273,PD,0,79,1,25
sub-065,1.402269392416325,0.16005176876617772,123.859375,55,0.6994526,PD,0,52,1,28
sub-066,0.5239723894078318,0.06108336534767575,138.6171875,23,0.5247761,PD,0,72,1,22
sub-067,0.04907254174041392,0.004144218814753416,128.703125,2,0.3710824,PD,0,86,0,27
sub-068,0.025947523835908936,0.002631578947368421,121.703125,1,0.56262404,PD,0,61,0,28
sub-069,0.17471279309728474,0.016,126.5234375,7,0.6933234,PD,0,54,0,29
sub-070,0.02601599577240069,0.0030701754385964895,121.3828125,1,0.5345182,PD,0,83,1,25
sub-071,0.06952764055658325,0.007407407407407405,136.2578125,3,0.43015105,PD,0,60,1,27
sub-072,1.9171711306414718,0.23543859649122803,151.5390625,92,0.85415214,PD,0,69,1,24
sub-073,0.047350849448344105,0.005183413078149916,133.3828125,2,0.28269136,PD,0,76,1,22
sub-074,0.0,0.0,139.8984375,0,0.2938795,PD,0,69,0,27
sub-075,1.4155885945647046,0.1894736842105263,131.6171875,59,0.7926139,PD,0,68,1,21
sub-076,0.0,0.0,132.1015625,0,0.3846501,PD,0,70,0,28
sub-077,0.0,0.0,162.2421875,0,0.44189188,PD,0,74,1,23
sub-078,0.0216502692188425,0.002558479532163742,145.859375,1,0.4843819,PD,0,65,1,20
sub-079,0.8940952459796759,0.08716057660073746,158.9375,45,0.7778339,PD,0,66,1,22
sub-080,0.34338793782800425,0.03496755587599134,147.140625,16,0.5846815,PD,0,67,0,28
sub-081,0.024106066693451184,0.0024291497975708473,131.0,1,0.3807743,PD,0,74,1,27
sub-082,0.05898300398596081,0.005627275736511079,160.6171875,3,0.6900945,PD,0,69,1,30
sub-083,0.0689279151325045,0.005783689994216299,183.2578125,4,0.60525656,PD,0,61,0,28
sub-084,0.6040882141838813,0.07342954159592527,125.4609375,24,0.6856342,PD,0,61,0,26
sub-085,0.02482560657878574,0.002088554720133663,127.203125,1,0.4997656,PD,0,71,0,29
sub-086,0.04070599459373509,0.003417634996582358,155.15625,2,0.45142567,PD,0,69,1,27
sub-087,0.8722175352066974,0.10610526315789474,126.71875,35,0.58394116,PD,0,64,0,26
sub-088,0.15617638984446758,0.01403508771929823,121.3203125,6,0.6477788,PD,0,77,1,12
sub-089,0.5434831039552969,0.058064516129032226,156.8828125,27,0.51998705,PD,0,48,0,23
sub-090,0.0,0.0,141.8203125,0,0.31798676,PD,0,73,1,26
sub-091,0.0,0.0,121.3984375,0,0.58753306,PD,0,73,1,24
sub-092,0.0,0.0,121.6015625,0,0.39735785,PD,0,62,1,27
sub-093,0.8596667423269582,0.09602249899558053,132.2421875,36,0.7376171,PD,0,68,1,26
sub-094,0.0,0.0,143.1171875,0,0.38718414,PD,0,85,0,29
sub-095,2.3554198391849908,0.2886108714408973,123.34375,92,0.76612836,PD,0,78,0,17
sub-096,3.8710531041196097,0.6421868625050999,130.5234375,160,0.8767156,PD,0,67,1,9
sub-097,0.0,0.0,159.6015625,0,0.5246788,PD,0,71,1,23
sub-098,0.0,0.0,122.0234375,0,0.38955995,PD,0,63,0,25
sub-099,0.0,0.0,122.21875,0,0.39446115,PD,0,73,1,25
sub-100,0.20362110919299817,0.02440884820747521,139.578125,9,0.5129564,PD,0,54,1,28
sub-101,0.24662021129700396,0.026217228464419456,268.8984375,21,0.55283827,Control,1,61,1,26
sub-102,0.14976307014293794,0.014102241249055642,210.859375,10,0.49210897,Control,1,80,1,26
sub-103,1.2152891893724798,0.13885778275475918,236.4609375,91,0.64216423,Control,1,76,1,25
sub-104,0.014495106014336567,0.0012183235867446367,217.859375,1,0.34642273,Control,1,71,0,27
sub-105,2.0631930117202932,0.2963632256607183,234.1796875,153,0.7342124,Control,1,64,1,26
sub-106,0.014831236747478879,0.0014966325767024158,212.921875,1,0.3627607,Control,1,66,0,29
sub-107,0.0,0.0,225.578125,0,0.49609545,Control,1,76,0,26
sub-108,0.1442492807883624,0.013309134906231078,262.703125,12,0.46791813,Control,1,77,0,24
sub-109,0.0,0.0,236.3203125,0,0.27072936,Control,1,72,0,28
sub-110,0.014701772252702024,0.0012354830738818842,214.796875,1,0.40747523,Control,1,70,0,27
sub-111,0.13436892718558835,0.0125160462130937,329.0234375,14,0.42256036,Control,1,70,1,26
sub-112,0.07772781097028193,0.00745614035087719,121.8828125,3,0.5529608,Control,1,64,0,28
sub-113,0.02611179110567115,0.0022114108801415265,120.9375,1,0.3256807,Control,1,71,0,28
sub-114,0.0,0.0,121.203125,0,0.45374298,Control,1,71,1,23
sub-115,0.0,0.0,121.8828125,0,0.28675124,Control,1,71,1,27
sub-116,3.1317964332318398,0.5236842105263158,121.0,120,0.85759425,Control,1,58,0,27
sub-117,0.7659788603253687,0.09590643274853797,181.3984375,44,0.6530385,Control,1,71,1,28
sub-118,0.03279199499580493,0.004408928079360705,192.6015625,2,0.38033223,Control,1,77,1,26
sub-119,0.0,0.0,192.0,0,0.403065,Control,1,60,1,29
sub-120,0.5591707090655915,0.05733607762422814,180.71875,32,0.6295273,Control,1,80,1,26
sub-121,0.14658966346547125,0.01236312257152947,150.796875,7,0.5831904,Control,1,54,0,28
sub-122,0.2397581984078557,0.026131762973868225,144.8828125,11,0.54739827,Control,1,57,0,27
sub-123,0.0,0.0,165.2421875,0,0.47076717,Control,1,61,0,29
sub-124,0.6694443960182005,0.06386392811296532,165.1015625,35,0.53970593,Control,1,80,1,24
sub-125,0.0,0.0,151.203125,0,0.4114214,Control,1,84,0,25
sub-126,0.05704890755303767,0.006060606060606053,166.0625,3,0.5048267,Control,1,71,1,27
sub-127,2.5277854321668047,0.6930921052631579,161.15625,129,0.8821187,Control,1,68,1,26
sub-128,0.26974942807033153,0.03024803387779793,175.6015625,15,0.61054355,Control,1,64,1,26
sub-129,0.10353753235547886,0.009134406263592859,122.0,4,0.5690039,Control,1,68,0,28
sub-130,0.5851955500755047,0.05560511448111801,178.078125,33,0.5908721,Control,1,73,0,30
sub-131,0.8423860585107316,0.10582908885116013,187.4375,50,0.64421874,Control,1,85,1,28
sub-132,0.0,0.0,176.78125,0,0.46055096,Control,1,72,1,28
sub-133,0.04419775040356344,0.004106009705113847,142.8984375,2,0.50069433,Control,1,73,1,22
sub-134,0.0,0.0,145.1015625,0,0.47274646,Control,1,79,1,24
sub-135,0.09408449841508047,0.012663237039968337,134.2578125,4,0.39048368,Control,1,74,1,25
sub-136,0.2600539521654232,0.025584795321637422,145.71875,12,0.53865397,Control,1,78,1,25
sub-137,0.0,0.0,125.921875,0,0.37267688,Control,1,74,0,25
sub-138,0.06495776617459655,0.006213450292397658,145.84375,3,0.35968104,Control,1,70,1,30
sub-139,0.36025893611032933,0.0422778257118205,184.078125,21,0.59834385,Control,1,76,1,28
sub-140,0.38410883083540337,0.04227782571182052,123.3203125,15,0.5510742,Control,1,71,0,28
sub-141,0.10105263157894737,0.01018675721561969,125.0,4,0.5046285,Control,1,86,0,27
sub-142,1.1165319349636376,0.13464912280701752,121.6171875,43,0.6301763,Control,1,75,1,28
sub-143,0.0,0.0,122.21875,0,0.34709194,Control,1,69,0,22
sub-144,0.13064335045759196,0.014153029632905784,120.859375,5,0.49384335,Control,1,74,0,27
sub-145,0.9554572351456257,0.15,181.78125,55,0.69074804,Control,1,64,0,27
sub-146,0.0,0.0,147.421875,0,0.30659017,Control,1,71,1,30
sub-147,0.5543689033693265,0.10229202037351443,125.3203125,22,0.5678833,Control,1,78,1,27
sub-148,0.0,0.0,158.4375,0,0.27204883,Control,1,68,0,27
sub-149,0.04918001293536799,0.004973062577704096,128.421875,2,0.54567283,Control,1,52,0,27
