representation,gcn,classical,gcn_f1,classical_f1,delta,wilcoxon_p,nb_p,wilcoxon_p_holm,nb_p_holm,training_subjects
P1,spatial,rf,0.5597754523884555,0.5408073933863408,0.018968059002114745,0.5904816173489396,0.7619076359618455,1.0,1.0,train only
P2,functional,svm_rbf,0.454865354688884,0.4593483907446756,-0.00448303605579144,0.8948604464530945,0.951046755625165,1.0,1.0,train only
P3,spatial,rf,0.5860840731336087,0.5363586916466173,0.049725381486991405,0.0801958441734314,0.48076552839510145,0.400979220867157,1.0,train only
P4,spatial,rf,0.4562013716131363,0.4814273395449865,-0.025225967931850266,0.5964998602867126,0.7081640276766026,1.0,1.0,train only
P6,functional,svm_rbf,0.5561936190171485,0.5606371798136504,-0.004443560796501956,0.8325093984603882,0.9344898210756465,1.0,1.0,train only
P7,spatial,rf,0.4538494368834926,0.49777215159568095,-0.04392271471218838,0.05157625675201416,0.4716001582017717,0.30945754051208496,1.0,train only
P1,functional,rf,0.5579619534232537,0.5879193663806668,-0.029957412957412985,0.3065619830552163,0.6737212730602858,0.9196859491656489,1.0,train + val
P2,spatial,svm_rbf,0.45331939520174813,0.43465901911412735,0.0186603760876207,0.7711594104766846,0.8085981544572973,1.0,1.0,train + val
P3,spatial,rf,0.6133922529712003,0.5808341552954556,0.03255809767574473,0.2002161741256714,0.5498714634849204,0.8008646965026855,1.0,train + val
P4,spatial,rf,0.43851407416113297,0.48747887280704616,-0.04896479864591319,0.0757566257409905,0.4456567634534062,0.3787831287049525,1.0,train + val
P6,spatial,svm_rbf,0.5795425489543136,0.5792198094303358,0.0003227395239779129,0.7672483874902132,0.9955373608805403,1.0,1.0,train + val
P7,spatial,rf,0.45592156679463175,0.5022985968280086,-0.04637703003337679,0.03933870792388916,0.4201808232601967,0.23603224754333496,1.0,train + val
