channel,AD,CN,FTD
C3,0.2727845240511852,0.0791140870460983,0.0732782474285823
C4,0.41668171999491266,0.0742574257425742,0.0644538626159204
Cz,0.997915592101369,0.3552403345796554,0.6261720342437831
F3,0.7621874503033818,0.1485148514851485,0.219834742285747
F4,0.6130293951367264,0.2137013745895709,0.4180444988773219
F7,1.5113611482372682,0.3013182674199623,0.3285139875096244
F8,1.0887869912107817,0.4083477336169081,0.7665010645848119
Fp1,1.2351562663909366,0.2722318224112721,0.3767060295037339
Fp2,1.3129264225026478,0.2903097771645656,0.1971083925057746
Fz,0.7307708487730465,0.2710644042671467,0.5258553137101253
O1,1.1954347455739378,0.136115911205636,0.2825295221278004
O2,1.0040049843846521,0.1582281740921967,0.291121366905793
P3,0.6647981515418377,0.1582281740921967,0.2314810163463374
P4,1.396073322250961,0.1485148514851485,0.170333569907736
Pz,1.5005745786088827,0.3076602597485838,0.3135333741579914
T3,0.8066439458578432,0.1501319519108591,0.170333569907736
T4,0.24717541261033055,0.1400067451166267,0.0723327305605786
T5,0.3421456798057769,0.0741384303504199,0.1455606834528965
T6,0.468016485682874,0.0700033725583133,0.1455606834528965
